conference,year,season,paper_id,area_code,korea,institutions,types
IEDM,2023,S2023-24,1-1,SP,0,,
IEDM,2023,S2023-24,1-2,D2,0,,
IEDM,2023,S2023-24,1-3,SP,1,Samsung,company
IEDM,2023,S2023-24,1-4,C5,0,,
IEDM,2023,S2023-24,1-5,D1,0,,
IEDM,2023,S2023-24,1-6,C1,1,SK hynix,company
IEDM,2023,S2023-24,2-1,D1,0,,
IEDM,2023,S2023-24,2-2,D1,1,SK hynix,company
IEDM,2023,S2023-24,2-3,D1,0,,
IEDM,2023,S2023-24,2-4,D1,0,,
IEDM,2023,S2023-24,2-5,D1,0,,
IEDM,2023,S2023-24,2-6,D1,0,,
IEDM,2023,S2023-24,1-1,SP,1,Samsung,company
IEDM,2023,S2023-24,1-2,D2,0,,
IEDM,2023,S2023-24,1-3,SP,1,Samsung,company
IEDM,2023,S2023-24,2-1,D1,0,,
IEDM,2023,S2023-24,2-2,D1,0,,
IEDM,2023,S2023-24,2-3,D1,0,,
IEDM,2023,S2023-24,2-4,D1,0,,
IEDM,2023,S2023-24,2-5,D1,0,,
IEDM,2023,S2023-24,2-6,D1,0,,
IEDM,2023,S2023-24,3-1,X2,0,,
IEDM,2023,S2023-24,3-2,X2,0,,
IEDM,2023,S2023-24,3-3,X2,0,,
IEDM,2023,S2023-24,3-4,X2,0,,
IEDM,2023,S2023-24,4-1,D5,0,,
IEDM,2023,S2023-24,4-2,D5,0,,
IEDM,2023,S2023-24,4-3,D5,0,,
IEDM,2023,S2023-24,4-4,D5,0,,
IEDM,2023,S2023-24,4-5,D5,0,,
IEDM,2023,S2023-24,4-6,D5,1,KAIST,university
IEDM,2023,S2023-24,5-1,X1,0,,
IEDM,2023,S2023-24,5-2,X1,0,,
IEDM,2023,S2023-24,5-3,X1,0,,
IEDM,2023,S2023-24,5-4,X1,0,,
IEDM,2023,S2023-24,5-5,X1,1,Samsung;SK hynix,company
IEDM,2023,S2023-24,6-1,D2,1,Samsung,company
IEDM,2023,S2023-24,6-2,D2,0,,
IEDM,2023,S2023-24,6-3,D2,1,Samsung,company
IEDM,2023,S2023-24,6-4,D2,1,SK hynix,company
IEDM,2023,S2023-24,6-5,D2,0,,
IEDM,2023,S2023-24,6-6,D2,1,Samsung,company
IEDM,2023,S2023-24,6-7,D2,1,Samsung,company
IEDM,2023,S2023-24,7-1,X1,0,,
IEDM,2023,S2023-24,7-2,X1,1,Samsung,company
IEDM,2023,S2023-24,7-3,X1,0,,
IEDM,2023,S2023-24,7-4,X1,0,,
IEDM,2023,S2023-24,7-5,X1,0,,
IEDM,2023,S2023-24,7-6,X1,1,Samsung,company
IEDM,2023,S2023-24,8-1,D7,0,,
IEDM,2023,S2023-24,8-2,D7,0,,
IEDM,2023,S2023-24,8-3,D7,1,Samsung,company
IEDM,2023,S2023-24,8-4,D7,0,,
IEDM,2023,S2023-24,8-5,D7,0,,
IEDM,2023,S2023-24,8-6,D7,0,,
IEDM,2023,S2023-24,9-1,D6,0,,
IEDM,2023,S2023-24,9-2,D6,0,,
IEDM,2023,S2023-24,9-3,D6,0,,
IEDM,2023,S2023-24,9-4,D6,0,,
IEDM,2023,S2023-24,9-5,D6,0,,
IEDM,2023,S2023-24,9-6,D6,0,,
IEDM,2023,S2023-24,9-7,D6,1,Samsung,company
IEDM,2023,S2023-24,10-1,D9,0,,
IEDM,2023,S2023-24,10-2,D9,0,,
IEDM,2023,S2023-24,10-3,D9,0,,
IEDM,2023,S2023-24,10-4,D9,0,,
IEDM,2023,S2023-24,10-5,D9,0,,
IEDM,2023,S2023-24,10-6,D9,0,,
IEDM,2023,S2023-24,11-1,D2,0,,
IEDM,2023,S2023-24,11-2,D2,0,,
IEDM,2023,S2023-24,11-3,D2,0,,
IEDM,2023,S2023-24,11-4,D2,0,,
IEDM,2023,S2023-24,11-5,D2,0,,
IEDM,2023,S2023-24,11-6,D2,1,POSTECH,university
IEDM,2023,S2023-24,11-7,D2,0,,
IEDM,2023,S2023-24,12-1,D6,0,,
IEDM,2023,S2023-24,12-2,D6,1,Inha Univ,university
IEDM,2023,S2023-24,12-3,D6,0,,
IEDM,2023,S2023-24,12-4,D6,0,,
IEDM,2023,S2023-24,12-5,D6,1,KAIST,university
IEDM,2023,S2023-24,13-1,D3,0,,
IEDM,2023,S2023-24,13-2,D3,0,,
IEDM,2023,S2023-24,13-3,D3,0,,
IEDM,2023,S2023-24,13-4,D3,0,,
IEDM,2023,S2023-24,13-5,D3,1,KAIST,university
IEDM,2023,S2023-24,13-6,D3,0,,
IEDM,2023,S2023-24,14-1,X2,0,,
IEDM,2023,S2023-24,14-2,X2,0,,
IEDM,2023,S2023-24,14-3,X2,0,,
IEDM,2023,S2023-24,14-5,X2,0,,
IEDM,2023,S2023-24,14-6,X2,1,Samsung;SK hynix,company
IEDM,2023,S2023-24,15-1,D2,0,,
IEDM,2023,S2023-24,15-2,D2,0,,
IEDM,2023,S2023-24,15-3,D2,1,Samsung,company
IEDM,2023,S2023-24,15-4,D2,0,,
IEDM,2023,S2023-24,15-5,D2,0,,
IEDM,2023,S2023-24,15-6,D2,1,SK hynix,company
IEDM,2023,S2023-24,15-7,D2,1,GIST,university
IEDM,2023,S2023-24,16-1,D2,1,GIST,university
IEDM,2023,S2023-24,16-2,D2,0,,
IEDM,2023,S2023-24,16-3,D2,1,KAIST,university
IEDM,2023,S2023-24,16-4,D2,0,,
IEDM,2023,S2023-24,16-5,D2,0,,
IEDM,2023,S2023-24,17-1,D8,0,,
IEDM,2023,S2023-24,17-2,D8,0,,
IEDM,2023,S2023-24,17-3,D8,0,,
IEDM,2023,S2023-24,17-4,D8,0,,
IEDM,2023,S2023-24,17-5,D8,0,,
IEDM,2023,S2023-24,18-1,D9,0,,
IEDM,2023,S2023-24,18-2,D9,0,,
IEDM,2023,S2023-24,18-3,D9,0,,
IEDM,2023,S2023-24,18-4,D9,0,,
IEDM,2023,S2023-24,18-5,D9,0,,
IEDM,2023,S2023-24,19-1,D2,0,,
IEDM,2023,S2023-24,19-2,D2,0,,
IEDM,2023,S2023-24,19-3,D2,0,,
IEDM,2023,S2023-24,19-4,D2,0,,
IEDM,2023,S2023-24,19-5,D2,0,,
IEDM,2023,S2023-24,19-6,D2,1,KAIST;KIST,institute;university
IEDM,2023,S2023-24,20-1,D7,1,KAIST;POSTECH;Seoul Nat'l Univ,university
IEDM,2023,S2023-24,20-2,D7,1,SK hynix;Yonsei Univ;KIST,company;institute;university
IEDM,2023,S2023-24,20-3,D7,1,KAIST;NNFC,institute;university
IEDM,2023,S2023-24,20-4,D7,0,,
IEDM,2023,S2023-24,20-5,D7,1,Samsung;POSTECH,company;university
IEDM,2023,S2023-24,21-1,D2,0,,
IEDM,2023,S2023-24,21-2,D2,0,,
IEDM,2023,S2023-24,21-3,D2,0,,
IEDM,2023,S2023-24,21-4,D2,0,,
IEDM,2023,S2023-24,21-5,D2,0,,
IEDM,2023,S2023-24,21-6,D2,1,POSTECH,university
IEDM,2023,S2023-24,21-7,D2,1,Samsung,company
IEDM,2023,S2023-24,22-1,X2,1,Samsung,company
IEDM,2023,S2023-24,22-2,X2,0,,
IEDM,2023,S2023-24,22-3,X2,0,,
IEDM,2023,S2023-24,22-4,X2,0,,
IEDM,2023,S2023-24,22-5,X2,0,,
IEDM,2023,S2023-24,22-6,X2,0,,
IEDM,2023,S2023-24,23-1,X1,0,,
IEDM,2023,S2023-24,23-2,X1,0,,
IEDM,2023,S2023-24,23-3,X1,0,,
IEDM,2023,S2023-24,23-4,X1,1,Samsung;Seoul Nat'l Univ,company;university
IEDM,2023,S2023-24,23-5,X1,1,SK hynix,company
IEDM,2023,S2023-24,23-6,X1,0,,
IEDM,2023,S2023-24,24-1,D2,1,Samsung,company
IEDM,2023,S2023-24,24-2,D2,0,,
IEDM,2023,S2023-24,24-3,D2,0,,
IEDM,2023,S2023-24,24-4,D2,0,,
IEDM,2023,S2023-24,24-5,D2,0,,
IEDM,2023,S2023-24,24-6,D2,0,,
IEDM,2023,S2023-24,25-1,D4,0,,
IEDM,2023,S2023-24,25-2,D4,0,,
IEDM,2023,S2023-24,25-3,D4,0,,
IEDM,2023,S2023-24,25-4,D4,0,,
IEDM,2023,S2023-24,25-5,D4,0,,
IEDM,2023,S2023-24,25-6,D4,0,,
IEDM,2023,S2023-24,26-1,D6,0,,
IEDM,2023,S2023-24,26-2,D6,0,,
IEDM,2023,S2023-24,26-3,D6,0,,
IEDM,2023,S2023-24,26-4,D6,0,,
IEDM,2023,S2023-24,26-5,D6,0,,
IEDM,2023,S2023-24,26-6,D6,1,Samsung,company
IEDM,2023,S2023-24,28-1,D5,0,,
IEDM,2023,S2023-24,28-2,D5,0,,
IEDM,2023,S2023-24,28-3,D5,0,,
IEDM,2023,S2023-24,28-4,D5,1,Samsung;Seoul Nat'l Univ,company;university
IEDM,2023,S2023-24,28-5,D5,0,,
IEDM,2023,S2023-24,28-6,D5,0,,
IEDM,2023,S2023-24,29-1,D1,0,,
IEDM,2023,S2023-24,29-2,D1,0,,
IEDM,2023,S2023-24,29-3,D1,0,,
IEDM,2023,S2023-24,29-4,D1,1,Samsung,company
IEDM,2023,S2023-24,29-5,D1,0,,
IEDM,2023,S2023-24,29-6,D1,0,,
IEDM,2023,S2023-24,30-1,D1,0,,
IEDM,2023,S2023-24,30-2,D1,0,,
IEDM,2023,S2023-24,30-3,D1,0,,
IEDM,2023,S2023-24,30-4,D1,0,,
IEDM,2023,S2023-24,31-1,D2,0,,
IEDM,2023,S2023-24,31-2,D2,0,,
IEDM,2023,S2023-24,31-3,D2,0,,
IEDM,2023,S2023-24,31-4,D2,0,,
IEDM,2023,S2023-24,31-5,D2,0,,
IEDM,2023,S2023-24,31-6,D2,0,,
IEDM,2023,S2023-24,31-7,D2,1,SK hynix,company
IEDM,2023,S2023-24,32-1,D2,0,,
IEDM,2023,S2023-24,32-2,D2,0,,
IEDM,2023,S2023-24,32-3,D2,0,,
IEDM,2023,S2023-24,32-4,D2,0,,
IEDM,2023,S2023-24,32-5,D2,1,Samsung,company
IEDM,2023,S2023-24,32-6,D2,0,,
IEDM,2023,S2023-24,33-1,C1,0,,
IEDM,2023,S2023-24,33-2,C1,0,,
IEDM,2023,S2023-24,33-3,C1,0,,
IEDM,2023,S2023-24,33-4,C1,0,,
IEDM,2023,S2023-24,33-5,C1,1,KAIST;Seoul Nat'l Univ,university
IEDM,2023,S2023-24,34-1,C3,0,,
IEDM,2023,S2023-24,34-2,C3,0,,
IEDM,2023,S2023-24,34-3,C3,0,,
IEDM,2023,S2023-24,34-4,C3,0,,
IEDM,2023,S2023-24,34-5,C3,0,,
IEDM,2023,S2023-24,34-6,C3,1,Samsung,company
IEDM,2023,S2023-24,35-1,D2,1,Samsung,company
IEDM,2023,S2023-24,35-2,D2,0,,
IEDM,2023,S2023-24,35-3,D2,0,,
IEDM,2023,S2023-24,35-4,D2,1,Samsung,company
IEDM,2023,S2023-24,35-5,D2,0,,
IEDM,2023,S2023-24,35-6,D2,1,Samsung,company
IEDM,2023,S2023-24,35-7,D2,0,,
IEDM,2023,S2023-24,36-1,C1,0,,
IEDM,2023,S2023-24,36-2,C1,0,,
IEDM,2023,S2023-24,36-3,C1,0,,
IEDM,2023,S2023-24,36-4,C1,0,,
IEDM,2023,S2023-24,36-5,C1,0,,
IEDM,2023,S2023-24,37-1,D1,0,,
IEDM,2023,S2023-24,37-2,D1,0,,
IEDM,2023,S2023-24,37-3,D1,0,,
IEDM,2023,S2023-24,37-4,D1,0,,
IEDM,2023,S2023-24,37-5,D1,0,,
IEDM,2023,S2023-24,37-6,D1,0,,
IEDM,2023,S2023-24,38-1,D6,0,,
IEDM,2023,S2023-24,38-2,D6,0,,
IEDM,2023,S2023-24,38-3,D6,0,,
IEDM,2023,S2023-24,38-4,D6,0,,
IEDM,2023,S2023-24,38-5,D6,0,,
IEDM,2023,S2023-24,38-6,D6,1,SK hynix,company
IEDM,2023,S2023-24,39-1,D3,0,,
IEDM,2023,S2023-24,39-2,D3,0,,
IEDM,2023,S2023-24,39-3,D3,0,,
IEDM,2023,S2023-24,39-4,D3,0,,
IEDM,2023,S2023-24,39-5,D3,0,,
IEDM,2023,S2023-24,39-6,D3,1,Samsung,company
IEDM,2023,S2023-24,40-1,D7,1,Samsung,company
IEDM,2023,S2023-24,40-2,D7,0,,
IEDM,2023,S2023-24,40-3,D7,0,,
IEDM,2023,S2023-24,40-4,D7,0,,
IEDM,2023,S2023-24,40-5,D7,0,,
IEDM,2023,S2023-24,40-6,D7,0,,
IEDM,2023,S2023-24,41-1,D5,0,,
IEDM,2023,S2023-24,41-2,D5,0,,
IEDM,2023,S2023-24,41-3,D5,0,,
IEDM,2023,S2023-24,41-4,D5,0,,
IEDM,2023,S2023-24,41-5,D5,0,,
IEDM,2023,S2023-24,41-6,D5,0,,
IEDM,2024,S2024-25,1-0,SP,0,,
IEDM,2024,S2024-25,1-1,SP,0,,
IEDM,2024,S2024-25,1-2,??,0,,
IEDM,2024,S2024-25,1-3,D6,0,,
IEDM,2024,S2024-25,10-0,D9,0,,
IEDM,2024,S2024-25,10-1,D9,0,,
IEDM,2024,S2024-25,10-2,D9,0,,
IEDM,2024,S2024-25,10-3,D9,0,,
IEDM,2024,S2024-25,10-4,D9,0,,
IEDM,2024,S2024-25,10-5,D9,0,,
IEDM,2024,S2024-25,10-6,D9,0,,
IEDM,2024,S2024-25,3-0,D2,0,,
IEDM,2024,S2024-25,3-1,D2,1,SK hynix;Sejong Univ,company;university
IEDM,2024,S2024-25,3-2,D2,0,,
IEDM,2024,S2024-25,3-3,D2,0,,
IEDM,2024,S2024-25,3-4,D2,0,,
IEDM,2024,S2024-25,3-5,D2,0,,
IEDM,2024,S2024-25,3-6,D2,1,KAIST,university
IEDM,2024,S2024-25,8-0,D7,0,,
IEDM,2024,S2024-25,8-1,D7,0,,
IEDM,2024,S2024-25,8-2,D7,0,,
IEDM,2024,S2024-25,8-3,D7,1,KAIST,university
IEDM,2024,S2024-25,8-4,D7,0,,
IEDM,2024,S2024-25,8-5,D7,0,,
IEDM,2024,S2024-25,8-6,D7,1,POSTECH,university
IEDM,2024,S2024-25,5-0,D3,0,,
IEDM,2024,S2024-25,5-1,D3,0,,
IEDM,2024,S2024-25,5-2,D3,0,,
IEDM,2024,S2024-25,5-3,D3,0,,
IEDM,2024,S2024-25,5-4,D3,0,,
IEDM,2024,S2024-25,5-5,D3,1,Seoul Nat'l Univ;Hanyang Univ,university
IEDM,2024,S2024-25,5-6,D3,0,,
IEDM,2024,S2024-25,5-7,D3,1,SK hynix,company
IEDM,2024,S2024-25,6-0,D2,0,,
IEDM,2024,S2024-25,6-1,D2,0,,
IEDM,2024,S2024-25,6-2,D2,0,,
IEDM,2024,S2024-25,6-3,D2,0,,
IEDM,2024,S2024-25,6-4,D2,0,,
IEDM,2024,S2024-25,6-5,D2,0,,
IEDM,2024,S2024-25,6-6,D2,0,,
IEDM,2024,S2024-25,6-7,D2,0,,
IEDM,2024,S2024-25,9-0,C3,0,,
IEDM,2024,S2024-25,9-1,C3,0,,
IEDM,2024,S2024-25,9-2,C3,0,,
IEDM,2024,S2024-25,9-3,C3,0,,
IEDM,2024,S2024-25,9-4,C3,0,,
IEDM,2024,S2024-25,9-5,C3,0,,
IEDM,2024,S2024-25,9-6,C3,0,,
IEDM,2024,S2024-25,9-7,C3,0,,
IEDM,2024,S2024-25,2-0,D1,0,,
IEDM,2024,S2024-25,2-1,D1,0,,
IEDM,2024,S2024-25,2-2,D1,0,,
IEDM,2024,S2024-25,2-3,D1,0,,
IEDM,2024,S2024-25,2-4,D1,0,,
IEDM,2024,S2024-25,2-5,D1,0,,
IEDM,2024,S2024-25,2-6,D1,0,,
IEDM,2024,S2024-25,2-7,D1,0,,
IEDM,2024,S2024-25,2-8,D1,1,Samsung;SK hynix,company
IEDM,2024,S2024-25,4-0,D2,0,,
IEDM,2024,S2024-25,4-1,D2,1,,
IEDM,2024,S2024-25,4-2,D2,0,,
IEDM,2024,S2024-25,4-3,D2,0,,
IEDM,2024,S2024-25,4-4,D2,1,Samsung;KAIST;Hanyang Univ,company;university
IEDM,2024,S2024-25,4-5,D2,0,,
IEDM,2024,S2024-25,4-6,D2,0,,
IEDM,2024,S2024-25,4-7,D2,0,,
IEDM,2024,S2024-25,4-8,D2,0,,
IEDM,2024,S2024-25,7-0,D1,0,,
IEDM,2024,S2024-25,7-1,D1,0,,
IEDM,2024,S2024-25,7-2,D1,0,,
IEDM,2024,S2024-25,7-3,D1,0,,
IEDM,2024,S2024-25,7-4,D1,0,,
IEDM,2024,S2024-25,7-5,D1,0,,
IEDM,2024,S2024-25,7-6,D1,0,,
IEDM,2024,S2024-25,7-7,D1,0,,
IEDM,2024,S2024-25,7-8,D1,1,Samsung,company
IEDM,2024,S2024-25,11-0,D2,0,,
IEDM,2024,S2024-25,11-1,D2,0,,
IEDM,2024,S2024-25,11-2,D2,0,,
IEDM,2024,S2024-25,11-3,D2,1,Samsung,company
IEDM,2024,S2024-25,11-4,D2,1,Samsung,company
IEDM,2024,S2024-25,11-5,D2,0,,
IEDM,2024,S2024-25,11-6,D2,0,,
IEDM,2024,S2024-25,14-0,C7,0,,
IEDM,2024,S2024-25,14-1,C7,0,,
IEDM,2024,S2024-25,14-2,C7,0,,
IEDM,2024,S2024-25,14-3,C7,0,,
IEDM,2024,S2024-25,14-4,C7,0,,
IEDM,2024,S2024-25,14-5,C7,0,,
IEDM,2024,S2024-25,14-6,C7,1,SK hynix,company
IEDM,2024,S2024-25,15-0,D2,0,,
IEDM,2024,S2024-25,15-1,D2,0,,
IEDM,2024,S2024-25,15-2,D2,0,,
IEDM,2024,S2024-25,15-3,D2,0,,
IEDM,2024,S2024-25,15-4,D2,0,,
IEDM,2024,S2024-25,15-5,D2,0,,
IEDM,2024,S2024-25,15-6,D2,1,Samsung,company
IEDM,2024,S2024-25,17-0,D2,0,,
IEDM,2024,S2024-25,17-1,D2,1,Samsung,company
IEDM,2024,S2024-25,17-2,D2,0,,
IEDM,2024,S2024-25,17-3,D2,0,,
IEDM,2024,S2024-25,17-4,D2,0,,
IEDM,2024,S2024-25,17-5,D2,0,,
IEDM,2024,S2024-25,17-6,D2,0,,
IEDM,2024,S2024-25,12-0,D1,0,,
IEDM,2024,S2024-25,12-1,D1,0,,
IEDM,2024,S2024-25,12-2,D1,0,,
IEDM,2024,S2024-25,12-3,D1,0,,
IEDM,2024,S2024-25,12-4,D1,0,,
IEDM,2024,S2024-25,12-5,D1,0,,
IEDM,2024,S2024-25,12-6,D1,1,UNIST,university
IEDM,2024,S2024-25,12-7,D1,0,,
IEDM,2024,S2024-25,13-0,X1,0,,
IEDM,2024,S2024-25,13-1,X1,1,Seoul Nat'l Univ,university
IEDM,2024,S2024-25,13-2,X1,0,,
IEDM,2024,S2024-25,13-3,X1,0,,
IEDM,2024,S2024-25,13-4,X1,0,,
IEDM,2024,S2024-25,13-5,X1,1,SK hynix,company
IEDM,2024,S2024-25,13-6,X1,0,,
IEDM,2024,S2024-25,13-7,X1,1,KAIST;POSTECH;Kyungpook Nat'l,university
IEDM,2024,S2024-25,16-0,X2,0,,
IEDM,2024,S2024-25,16-1,X2,0,,
IEDM,2024,S2024-25,16-2,X2,0,,
IEDM,2024,S2024-25,16-3,X2,0,,
IEDM,2024,S2024-25,16-4,X2,1,Samsung;KAIST;NNFC,company;institute;university
IEDM,2024,S2024-25,16-5,X2,0,,
IEDM,2024,S2024-25,16-6,X2,0,,
IEDM,2024,S2024-25,16-7,X2,0,,
IEDM,2024,S2024-25,18-0,D8,0,,
IEDM,2024,S2024-25,18-1,D8,0,,
IEDM,2024,S2024-25,18-2,D8,0,,
IEDM,2024,S2024-25,18-3,D8,0,,
IEDM,2024,S2024-25,18-4,D8,0,,
IEDM,2024,S2024-25,18-5,D8,0,,
IEDM,2024,S2024-25,18-6,D8,0,,
IEDM,2024,S2024-25,18-7,D8,1,Seoul Nat'l Univ,university
IEDM,2024,S2024-25,19-0,C6,0,,
IEDM,2024,S2024-25,19-1,C6,0,,
IEDM,2024,S2024-25,19-2,C6,0,,
IEDM,2024,S2024-25,19-3,C6,0,,
IEDM,2024,S2024-25,19-4,C6,0,,
IEDM,2024,S2024-25,19-5,C6,0,,
IEDM,2024,S2024-25,19-6,C6,0,,
IEDM,2024,S2024-25,19-7,C6,0,,
IEDM,2024,S2024-25,22-0,X1,0,,
IEDM,2024,S2024-25,22-1,X1,0,,
IEDM,2024,S2024-25,22-2,X1,1,Hanyang Univ;Inha Univ,university
IEDM,2024,S2024-25,22-3,X1,0,,
IEDM,2024,S2024-25,22-4,X1,0,,
IEDM,2024,S2024-25,22-5,X1,0,,
IEDM,2024,S2024-25,22-6,X1,0,,
IEDM,2024,S2024-25,23-0,D7,0,,
IEDM,2024,S2024-25,23-1,D7,0,,
IEDM,2024,S2024-25,23-2,D7,0,,
IEDM,2024,S2024-25,23-3,D7,0,,
IEDM,2024,S2024-25,23-4,D7,0,,
IEDM,2024,S2024-25,23-5,D7,0,,
IEDM,2024,S2024-25,23-6,D7,0,,
IEDM,2024,S2024-25,27-0,D8,0,,
IEDM,2024,S2024-25,27-1,D8,0,,
IEDM,2024,S2024-25,27-2,D8,1,Samsung,company
IEDM,2024,S2024-25,27-3,D8,0,,
IEDM,2024,S2024-25,27-4,D8,0,,
IEDM,2024,S2024-25,27-5,D8,0,,
IEDM,2024,S2024-25,27-6,D8,0,,
IEDM,2024,S2024-25,28-0,SP,0,,
IEDM,2024,S2024-25,28-1,SP,0,,
IEDM,2024,S2024-25,28-2,SP,0,,
IEDM,2024,S2024-25,28-3,SP,0,,
IEDM,2024,S2024-25,28-4,SP,1,SK hynix,company
IEDM,2024,S2024-25,28-5,SP,0,,
IEDM,2024,S2024-25,28-6,SP,1,Samsung;SK hynix;POSTECH,company;university
IEDM,2024,S2024-25,20-0,D2,0,,
IEDM,2024,S2024-25,20-1,D2,1,SK hynix,company
IEDM,2024,S2024-25,20-2,D2,0,,
IEDM,2024,S2024-25,20-3,D2,1,POSTECH,university
IEDM,2024,S2024-25,20-4,D2,1,SK hynix,company
IEDM,2024,S2024-25,20-5,D2,1,Samsung;KAIST,company;university
IEDM,2024,S2024-25,20-6,D2,0,,
IEDM,2024,S2024-25,20-7,D2,1,Samsung;POSTECH,company;university
IEDM,2024,S2024-25,26-0,D3,0,,
IEDM,2024,S2024-25,26-1,D3,1,KAIST;Kyungpook Nat'l,university
IEDM,2024,S2024-25,26-2,D3,0,,
IEDM,2024,S2024-25,26-3,D3,0,,
IEDM,2024,S2024-25,26-4,D3,0,,
IEDM,2024,S2024-25,26-5,D3,0,,
IEDM,2024,S2024-25,26-6,D3,0,,
IEDM,2024,S2024-25,26-7,D3,0,,
IEDM,2024,S2024-25,21-0,D3,0,,
IEDM,2024,S2024-25,21-1,D3,0,,
IEDM,2024,S2024-25,21-2,D3,0,,
IEDM,2024,S2024-25,21-3,D3,0,,
IEDM,2024,S2024-25,21-4,D3,1,POSTECH,university
IEDM,2024,S2024-25,21-5,D3,0,,
IEDM,2024,S2024-25,21-6,D3,0,,
IEDM,2024,S2024-25,21-7,D3,0,,
IEDM,2024,S2024-25,21-8,D3,1,Samsung,company
IEDM,2024,S2024-25,24-0,D9,0,,
IEDM,2024,S2024-25,24-1,D9,1,Samsung;POSTECH,company;university
IEDM,2024,S2024-25,24-2,D9,0,,
IEDM,2024,S2024-25,24-3,D9,0,,
IEDM,2024,S2024-25,24-4,D9,0,,
IEDM,2024,S2024-25,24-5,D9,0,,
IEDM,2024,S2024-25,24-6,D9,1,Samsung,company
IEDM,2024,S2024-25,24-7,D9,0,,
IEDM,2024,S2024-25,24-8,D9,0,,
IEDM,2024,S2024-25,25-0,D6,0,,
IEDM,2024,S2024-25,25-1,D6,0,,
IEDM,2024,S2024-25,25-2,D6,0,,
IEDM,2024,S2024-25,25-3,D6,0,,
IEDM,2024,S2024-25,25-4,D6,0,,
IEDM,2024,S2024-25,25-5,D6,0,,
IEDM,2024,S2024-25,25-6,D6,0,,
IEDM,2024,S2024-25,25-7,D6,0,,
IEDM,2024,S2024-25,25-8,D6,1,Samsung,company
IEDM,2024,S2024-25,30-0,D2,0,,
IEDM,2024,S2024-25,30-1,D2,0,,
IEDM,2024,S2024-25,30-2,D2,1,Samsung,company
IEDM,2024,S2024-25,30-3,D2,1,Samsung,company
IEDM,2024,S2024-25,30-4,D2,1,Samsung;KAIST;Hanyang Univ,company;university
IEDM,2024,S2024-25,30-5,D2,0,,
IEDM,2024,S2024-25,30-6,D2,0,,
IEDM,2024,S2024-25,35-0,C7,0,,
IEDM,2024,S2024-25,35-1,C7,0,,
IEDM,2024,S2024-25,35-2,C7,0,,
IEDM,2024,S2024-25,35-3,C7,0,,
IEDM,2024,S2024-25,35-4,C7,0,,
IEDM,2024,S2024-25,35-5,C7,0,,
IEDM,2024,S2024-25,35-6,C7,0,,
IEDM,2024,S2024-25,36-0,D3,0,,
IEDM,2024,S2024-25,36-1,D3,0,,
IEDM,2024,S2024-25,36-2,D3,0,,
IEDM,2024,S2024-25,36-3,D3,0,,
IEDM,2024,S2024-25,36-4,D3,0,,
IEDM,2024,S2024-25,36-5,D3,0,,
IEDM,2024,S2024-25,36-6,D3,0,,
IEDM,2024,S2024-25,32-0,D1,0,,
IEDM,2024,S2024-25,32-1,D1,0,,
IEDM,2024,S2024-25,32-2,D1,1,Samsung,company
IEDM,2024,S2024-25,32-3,D1,0,,
IEDM,2024,S2024-25,32-4,D1,0,,
IEDM,2024,S2024-25,32-5,D1,1,SK hynix,company
IEDM,2024,S2024-25,32-6,D1,0,,
IEDM,2024,S2024-25,32-7,D1,0,,
IEDM,2024,S2024-25,31-0,D1,0,,
IEDM,2024,S2024-25,31-1,D1,0,,
IEDM,2024,S2024-25,31-2,D1,1,KAIST,university
IEDM,2024,S2024-25,31-3,D1,0,,
IEDM,2024,S2024-25,31-4,D1,0,,
IEDM,2024,S2024-25,31-5,D1,0,,
IEDM,2024,S2024-25,31-6,D1,0,,
IEDM,2024,S2024-25,31-7,D1,0,,
IEDM,2024,S2024-25,31-8,D1,0,,
IEDM,2024,S2024-25,33-0,D6,0,,
IEDM,2024,S2024-25,33-1,D6,0,,
IEDM,2024,S2024-25,33-2,D6,0,,
IEDM,2024,S2024-25,33-3,D6,0,,
IEDM,2024,S2024-25,33-4,D6,0,,
IEDM,2024,S2024-25,33-5,D6,0,,
IEDM,2024,S2024-25,33-6,D6,0,,
IEDM,2024,S2024-25,33-7,D6,0,,
IEDM,2024,S2024-25,33-8,D6,0,,
IEDM,2024,S2024-25,34-0,D5,0,,
IEDM,2024,S2024-25,34-1,D5,0,,
IEDM,2024,S2024-25,34-2,D5,0,,
IEDM,2024,S2024-25,34-3,D5,0,,
IEDM,2024,S2024-25,34-4,D5,0,,
IEDM,2024,S2024-25,34-5,D5,0,,
IEDM,2024,S2024-25,34-6,D5,0,,
IEDM,2024,S2024-25,34-7,D5,0,,
IEDM,2024,S2024-25,34-8,D5,1,Samsung;KAIST;POSTECH,company;university
IEDM,2024,S2024-25,37-0,D2,0,,
IEDM,2024,S2024-25,37-1,D2,1,POSTECH,university
IEDM,2024,S2024-25,37-2,D2,1,Samsung;KAIST;Hanyang Univ,company;university
IEDM,2024,S2024-25,37-3,D2,0,,
IEDM,2024,S2024-25,37-4,D2,0,,
IEDM,2024,S2024-25,37-5,D2,0,,
IEDM,2024,S2024-25,37-6,D2,1,Samsung,company
IEDM,2024,S2024-25,39-0,D3,0,,
IEDM,2024,S2024-25,39-1,D3,1,Samsung,company
IEDM,2024,S2024-25,39-2,D3,0,,
IEDM,2024,S2024-25,39-3,D3,0,,
IEDM,2024,S2024-25,39-4,D3,1,Samsung,company
IEDM,2024,S2024-25,39-5,D3,1,SK hynix,company
IEDM,2024,S2024-25,39-6,D3,0,,
IEDM,2024,S2024-25,42-0,D2,0,,
IEDM,2024,S2024-25,42-1,D2,0,,
IEDM,2024,S2024-25,42-2,D2,0,,
IEDM,2024,S2024-25,42-3,D2,0,,
IEDM,2024,S2024-25,42-4,D2,0,,
IEDM,2024,S2024-25,42-5,D2,0,,
IEDM,2024,S2024-25,42-6,D2,0,,
IEDM,2024,S2024-25,38-0,D9,0,,
IEDM,2024,S2024-25,38-1,D9,1,SK hynix,company
IEDM,2024,S2024-25,38-2,D9,0,,
IEDM,2024,S2024-25,38-3,D9,0,,
IEDM,2024,S2024-25,38-4,D9,0,,
IEDM,2024,S2024-25,38-5,D9,0,,
IEDM,2024,S2024-25,38-6,D9,0,,
IEDM,2024,S2024-25,38-7,D9,0,,
IEDM,2024,S2024-25,40-0,D6,0,,
IEDM,2024,S2024-25,40-1,D6,0,,
IEDM,2024,S2024-25,40-2,D6,0,,
IEDM,2024,S2024-25,40-3,D6,0,,
IEDM,2024,S2024-25,40-4,D6,0,,
IEDM,2024,S2024-25,40-5,D6,0,,
IEDM,2024,S2024-25,40-6,D6,0,,
IEDM,2024,S2024-25,40-7,D6,0,,
IEDM,2024,S2024-25,40-8,D6,1,Samsung,company
IEDM,2024,S2024-25,41-0,D7,0,,
IEDM,2024,S2024-25,41-1,D7,0,,
IEDM,2024,S2024-25,41-2,D7,0,,
IEDM,2024,S2024-25,41-3,D7,1,Samsung,company
IEDM,2024,S2024-25,41-4,D7,0,,
IEDM,2024,S2024-25,41-5,D7,0,,
IEDM,2024,S2024-25,41-6,D7,0,,
IEDM,2024,S2024-25,41-7,D7,0,,
IEDM,2024,S2024-25,41-8,D7,0,,
IEDM,2025,S2025-26,1-1,??,0,,
IEDM,2025,S2025-26,1-2,??,0,,
IEDM,2025,S2025-26,1-3,??,1,Samsung;Korea Univ,company;university
IEDM,2025,S2025-26,2-1,D1,1,Samsung,company
IEDM,2025,S2025-26,2-2,D1,0,,
IEDM,2025,S2025-26,2-3,D1,0,,
IEDM,2025,S2025-26,2-4,D1,1,Samsung,company
IEDM,2025,S2025-26,2-5,D1,0,,
IEDM,2025,S2025-26,2-6,D1,0,,
IEDM,2025,S2025-26,2-7,D1,0,,
IEDM,2025,S2025-26,2-8,D1,1,POSTECH;Kyungpook Nat'l,university
IEDM,2025,S2025-26,3-1,D2,0,,
IEDM,2025,S2025-26,3-2,D2,0,,
IEDM,2025,S2025-26,3-3,D2,0,,
IEDM,2025,S2025-26,3-4,D2,1,POSTECH;Kyungpook Nat'l,university
IEDM,2025,S2025-26,3-5,D2,1,POSTECH,university
IEDM,2025,S2025-26,3-6,D2,0,,
IEDM,2025,S2025-26,4-1,D2,0,,
IEDM,2025,S2025-26,4-2,D2,1,Samsung;POSTECH,company;university
IEDM,2025,S2025-26,4-3,D2,0,,
IEDM,2025,S2025-26,4-4,D2,0,,
IEDM,2025,S2025-26,4-5,D2,0,,
IEDM,2025,S2025-26,4-6,D2,0,,
IEDM,2025,S2025-26,4-7,D2,1,Samsung,company
IEDM,2025,S2025-26,4-8,D2,1,Samsung;SK hynix;Hanyang Univ,company;university
IEDM,2025,S2025-26,5-1,X1,0,,
IEDM,2025,S2025-26,5-2,X1,0,,
IEDM,2025,S2025-26,5-3,X1,1,SK hynix,company
IEDM,2025,S2025-26,5-4,X1,0,,
IEDM,2025,S2025-26,5-5,X1,0,,
IEDM,2025,S2025-26,5-6,X1,0,,
IEDM,2025,S2025-26,5-7,X1,1,POSTECH,university
IEDM,2025,S2025-26,6-1,D1,0,,
IEDM,2025,S2025-26,6-2,D1,0,,
IEDM,2025,S2025-26,6-3,D1,0,,
IEDM,2025,S2025-26,6-4,D1,0,,
IEDM,2025,S2025-26,6-5,D1,0,,
IEDM,2025,S2025-26,6-6,D1,0,,
IEDM,2025,S2025-26,6-7,D1,0,,
IEDM,2025,S2025-26,6-8,D1,1,Seoul Nat'l Univ;UNIST,university
IEDM,2025,S2025-26,7-1,D1,0,,
IEDM,2025,S2025-26,7-2,D1,0,,
IEDM,2025,S2025-26,7-3,D1,0,,
IEDM,2025,S2025-26,7-4,D1,1,SK hynix;Seoul Nat'l Univ,company;university
IEDM,2025,S2025-26,7-5,D1,0,,
IEDM,2025,S2025-26,7-6,D1,1,Yonsei Univ,university
IEDM,2025,S2025-26,8-1,D7,0,,
IEDM,2025,S2025-26,8-2,D7,0,,
IEDM,2025,S2025-26,8-3,D7,1,Yonsei Univ,university
IEDM,2025,S2025-26,8-4,D7,0,,
IEDM,2025,S2025-26,8-5,D7,0,,
IEDM,2025,S2025-26,8-6,D7,0,,
IEDM,2025,S2025-26,8-7,D7,0,,
IEDM,2025,S2025-26,9-1,X2,0,,
IEDM,2025,S2025-26,9-2,X2,0,,
IEDM,2025,S2025-26,9-3,X2,0,,
IEDM,2025,S2025-26,9-4,X2,0,,
IEDM,2025,S2025-26,9-5,X2,0,,
IEDM,2025,S2025-26,9-6,X2,0,,
IEDM,2025,S2025-26,9-7,X2,0,,
IEDM,2025,S2025-26,9-8,X2,1,Samsung,company
IEDM,2025,S2025-26,10-1,D9,0,,
IEDM,2025,S2025-26,10-2,D9,1,Samsung,company
IEDM,2025,S2025-26,10-3,D9,0,,
IEDM,2025,S2025-26,10-4,D9,0,,
IEDM,2025,S2025-26,10-5,D9,0,,
IEDM,2025,S2025-26,10-6,D9,0,,
IEDM,2025,S2025-26,10-7,D9,0,,
IEDM,2025,S2025-26,10-8,D9,1,SK hynix;KAIST;POSTECH;Seoul Nat'l Univ;Hanyang Univ;Kyungpook Nat'l,company;university
IEDM,2025,S2025-26,12-1,D2,0,,
IEDM,2025,S2025-26,12-2,D2,0,,
IEDM,2025,S2025-26,12-3,D2,0,,
IEDM,2025,S2025-26,12-4,D2,1,Samsung,company
IEDM,2025,S2025-26,12-5,D2,0,,
IEDM,2025,S2025-26,12-6,D2,1,POSTECH,university
IEDM,2025,S2025-26,12-7,D2,1,SK hynix;Seoul Nat'l Univ;Sungkyunkwan(SKKU),company;university
IEDM,2025,S2025-26,13-1,D8,0,,
IEDM,2025,S2025-26,13-2,D8,0,,
IEDM,2025,S2025-26,13-3,D8,0,,
IEDM,2025,S2025-26,13-4,D8,0,,
IEDM,2025,S2025-26,13-5,D8,0,,
IEDM,2025,S2025-26,13-6,D8,0,,
IEDM,2025,S2025-26,13-7,D8,0,,
IEDM,2025,S2025-26,14-1,D9,0,,
IEDM,2025,S2025-26,14-2,D9,0,,
IEDM,2025,S2025-26,14-3,D9,0,,
IEDM,2025,S2025-26,14-4,D9,0,,
IEDM,2025,S2025-26,14-5,D9,0,,
IEDM,2025,S2025-26,14-6,D9,1,Korea Univ,university
IEDM,2025,S2025-26,14-7,D9,0,,
IEDM,2025,S2025-26,15-1,X2,0,,
IEDM,2025,S2025-26,15-2,X2,0,,
IEDM,2025,S2025-26,15-3,X2,0,,
IEDM,2025,S2025-26,15-4,X2,0,,
IEDM,2025,S2025-26,15-5,X2,0,,
IEDM,2025,S2025-26,15-6,X2,1,KAIST,university
IEDM,2025,S2025-26,16-1,C3,0,,
IEDM,2025,S2025-26,16-2,C3,0,,
IEDM,2025,S2025-26,16-3,C3,0,,
IEDM,2025,S2025-26,16-4,C3,0,,
IEDM,2025,S2025-26,16-5,C3,0,,
IEDM,2025,S2025-26,16-6,C3,1,KAIST,university
IEDM,2025,S2025-26,16-7,C3,0,,
IEDM,2025,S2025-26,17-1,D5,0,,
IEDM,2025,S2025-26,17-2,D5,0,,
IEDM,2025,S2025-26,17-3,D5,0,,
IEDM,2025,S2025-26,17-4,D5,0,,
IEDM,2025,S2025-26,17-5,D5,1,UNIST,university
IEDM,2025,S2025-26,17-6,D5,1,Samsung;SK hynix;KAIST,company;university
IEDM,2025,S2025-26,18-1,D2,1,SK hynix,company
IEDM,2025,S2025-26,18-2,D2,1,Samsung,company
IEDM,2025,S2025-26,18-3,D2,1,SK hynix,company
IEDM,2025,S2025-26,18-4,D2,1,Samsung;KAIST,company;university
IEDM,2025,S2025-26,18-5,D2,1,SK hynix,company
IEDM,2025,S2025-26,18-6,D2,0,,
IEDM,2025,S2025-26,18-7,D2,1,Samsung;Hanyang Univ,company;university
IEDM,2025,S2025-26,18-8,D2,1,Samsung;KAIST;Hanyang Univ,company;university
IEDM,2025,S2025-26,19-1,D9,1,Samsung,company
IEDM,2025,S2025-26,19-2,D9,0,,
IEDM,2025,S2025-26,19-3,D9,0,,
IEDM,2025,S2025-26,19-4,D9,0,,
IEDM,2025,S2025-26,19-5,D9,0,,
IEDM,2025,S2025-26,19-6,D9,1,Samsung,company
IEDM,2025,S2025-26,19-7,D9,0,,
IEDM,2025,S2025-26,19-8,D9,1,POSTECH,university
IEDM,2025,S2025-26,20-1,X1,0,,
IEDM,2025,S2025-26,20-2,X1,0,,
IEDM,2025,S2025-26,20-3,X1,1,Korea Univ,university
IEDM,2025,S2025-26,20-4,X1,0,,
IEDM,2025,S2025-26,20-5,X1,0,,
IEDM,2025,S2025-26,20-6,X1,0,,
IEDM,2025,S2025-26,21-1,D7,0,,
IEDM,2025,S2025-26,21-2,D7,0,,
IEDM,2025,S2025-26,21-3,D7,0,,
IEDM,2025,S2025-26,21-4,D7,0,,
IEDM,2025,S2025-26,21-5,D7,0,,
IEDM,2025,S2025-26,21-6,D7,0,,
IEDM,2025,S2025-26,21-7,D7,1,SK hynix,company
IEDM,2025,S2025-26,22-1,D5,0,,
IEDM,2025,S2025-26,22-2,D5,0,,
IEDM,2025,S2025-26,22-3,D5,0,,
IEDM,2025,S2025-26,22-4,D5,0,,
IEDM,2025,S2025-26,22-5,D5,0,,
IEDM,2025,S2025-26,22-6,D5,0,,
IEDM,2025,S2025-26,22-7,D5,0,,
IEDM,2025,S2025-26,23-1,D5,0,,
IEDM,2025,S2025-26,23-2,D5,0,,
IEDM,2025,S2025-26,23-3,D5,0,,
IEDM,2025,S2025-26,23-4,D5,0,,
IEDM,2025,S2025-26,23-5,D5,0,,
IEDM,2025,S2025-26,23-6,D5,0,,
IEDM,2025,S2025-26,23-7,D5,1,Samsung,company
IEDM,2025,S2025-26,23-8,D5,1,KAIST,university
IEDM,2025,S2025-26,24-1,D5,0,,
IEDM,2025,S2025-26,24-2,D5,0,,
IEDM,2025,S2025-26,24-3,D5,0,,
IEDM,2025,S2025-26,24-4,D5,0,,
IEDM,2025,S2025-26,24-5,D5,0,,
IEDM,2025,S2025-26,24-6,D5,0,,
IEDM,2025,S2025-26,25-1,D8,0,,
IEDM,2025,S2025-26,25-2,D8,0,,
IEDM,2025,S2025-26,25-3,D8,0,,
IEDM,2025,S2025-26,25-4,D8,1,Seoul Nat'l Univ,university
IEDM,2025,S2025-26,25-5,D8,0,,
IEDM,2025,S2025-26,25-6,D8,0,,
IEDM,2025,S2025-26,25-7,D8,0,,
IEDM,2025,S2025-26,26-1,D5,0,,
IEDM,2025,S2025-26,26-2,D5,0,,
IEDM,2025,S2025-26,26-3,D5,0,,
IEDM,2025,S2025-26,26-4,D5,0,,
IEDM,2025,S2025-26,26-5,D5,0,,
IEDM,2025,S2025-26,26-6,D5,0,,
IEDM,2025,S2025-26,26-7,D5,0,,
IEDM,2025,S2025-26,26-8,D5,1,Samsung;KAIST,company;university
IEDM,2025,S2025-26,28-1,D3,0,,
IEDM,2025,S2025-26,28-2,D3,0,,
IEDM,2025,S2025-26,28-3,D3,0,,
IEDM,2025,S2025-26,28-4,D3,0,,
IEDM,2025,S2025-26,28-5,D3,0,,
IEDM,2025,S2025-26,28-6,D3,1,Hanyang Univ,university
IEDM,2025,S2025-26,28-7,D3,0,,
IEDM,2025,S2025-26,28-8,D3,1,Samsung,company
IEDM,2025,S2025-26,29-1,D2,0,,
IEDM,2025,S2025-26,29-2,D2,1,Samsung,company
IEDM,2025,S2025-26,29-3,D2,0,,
IEDM,2025,S2025-26,29-4,D2,0,,
IEDM,2025,S2025-26,29-5,D2,0,,
IEDM,2025,S2025-26,29-6,D2,0,,
IEDM,2025,S2025-26,29-7,D2,1,Samsung,company
IEDM,2025,S2025-26,30-1,D2,0,,
IEDM,2025,S2025-26,30-2,D2,1,Samsung;KAIST,company;university
IEDM,2025,S2025-26,30-3,D2,0,,
IEDM,2025,S2025-26,30-4,D2,0,,
IEDM,2025,S2025-26,30-5,D2,0,,
IEDM,2025,S2025-26,30-6,D2,1,Korea Univ,university
IEDM,2025,S2025-26,31-1,X1,0,,
IEDM,2025,S2025-26,31-2,X1,0,,
IEDM,2025,S2025-26,31-3,X1,0,,
IEDM,2025,S2025-26,31-4,X1,0,,
IEDM,2025,S2025-26,31-5,X1,0,,
IEDM,2025,S2025-26,31-6,X1,1,Seoul Nat'l Univ,university
IEDM,2025,S2025-26,32-1,X1,0,,
IEDM,2025,S2025-26,32-2,X1,0,,
IEDM,2025,S2025-26,32-3,X1,0,,
IEDM,2025,S2025-26,32-4,X1,1,Samsung;Seoul Nat'l Univ,company;university
IEDM,2025,S2025-26,32-5,X1,0,,
IEDM,2025,S2025-26,32-6,X1,0,,
IEDM,2025,S2025-26,32-7,X1,0,,
IEDM,2025,S2025-26,32-8,X1,0,,
IEDM,2025,S2025-26,33-1,D3,0,,
IEDM,2025,S2025-26,33-2,D3,0,,
IEDM,2025,S2025-26,33-3,D3,0,,
IEDM,2025,S2025-26,33-4,D3,0,,
IEDM,2025,S2025-26,33-5,D3,0,,
IEDM,2025,S2025-26,33-6,D3,1,Samsung,company
IEDM,2025,S2025-26,33-7,D3,0,,
IEDM,2025,S2025-26,33-8,D3,0,,
IEDM,2025,S2025-26,34-1,D8,1,,
IEDM,2025,S2025-26,34-2,D8,0,,
IEDM,2025,S2025-26,34-3,D8,0,,
IEDM,2025,S2025-26,34-4,D8,0,,
IEDM,2025,S2025-26,34-5,D8,0,,
IEDM,2025,S2025-26,34-6,D8,0,,
IEDM,2025,S2025-26,34-7,D8,1,POSTECH;Hanyang Univ,university
IEDM,2025,S2025-26,35-1,X1,0,,
IEDM,2025,S2025-26,35-2,X1,0,,
IEDM,2025,S2025-26,35-3,X1,0,,
IEDM,2025,S2025-26,35-4,X1,0,,
IEDM,2025,S2025-26,35-5,X1,0,,
IEDM,2025,S2025-26,35-6,X1,1,POSTECH;Korea Univ,university
IEDM,2025,S2025-26,35-7,X1,1,Hanyang Univ;Sungkyunkwan(SKKU);Sogang Univ,university
IEDM,2025,S2025-26,36-1,C3,0,,
IEDM,2025,S2025-26,36-2,C3,0,,
IEDM,2025,S2025-26,36-3,C3,0,,
IEDM,2025,S2025-26,36-4,C3,0,,
IEDM,2025,S2025-26,36-5,C3,0,,
IEDM,2025,S2025-26,36-6,C3,0,,
IEDM,2025,S2025-26,36-7,C3,1,Samsung;Hanyang Univ,company;university
IEDM,2025,S2025-26,37-1,D2,1,Samsung,company
IEDM,2025,S2025-26,37-2,D2,0,,
IEDM,2025,S2025-26,37-3,D2,0,,
IEDM,2025,S2025-26,37-4,D2,0,,
IEDM,2025,S2025-26,37-5,D2,1,Samsung;Hanyang Univ,company;university
IEDM,2025,S2025-26,37-6,D2,0,,
IEDM,2025,S2025-26,37-7,D2,0,,
IEDM,2025,S2025-26,37-8,D2,1,Seoul Nat'l Univ;Hanyang Univ;Sogang Univ,university
IEDM,2025,S2025-26,38-1,D1,0,,
IEDM,2025,S2025-26,38-2,D1,0,,
IEDM,2025,S2025-26,38-3,D1,1,UNIST,university
IEDM,2025,S2025-26,38-4,D1,0,,
IEDM,2025,S2025-26,38-5,D1,0,,
IEDM,2025,S2025-26,38-6,D1,0,,
IEDM,2025,S2025-26,38-7,D1,0,,
IEDM,2025,S2025-26,38-8,D1,1,Samsung;POSTECH;Seoul Nat'l Univ,company;university
IEDM,2025,S2025-26,39-1,D2,1,Samsung,company
IEDM,2025,S2025-26,39-2,D2,1,Samsung,company
IEDM,2025,S2025-26,39-3,D2,0,,
IEDM,2025,S2025-26,39-4,D2,0,,
IEDM,2025,S2025-26,39-5,D2,0,,
IEDM,2025,S2025-26,39-6,D2,0,,
IEDM,2025,S2025-26,39-7,D2,0,,
IEDM,2025,S2025-26,39-8,D2,1,Samsung;POSTECH,company;university
IEDM,2025,S2025-26,40-1,D1,0,,
IEDM,2025,S2025-26,40-2,D1,0,,
IEDM,2025,S2025-26,40-3,D1,0,,
IEDM,2025,S2025-26,40-4,D1,0,,
IEDM,2025,S2025-26,40-5,D1,0,,
IEDM,2025,S2025-26,40-6,D1,1,Samsung,company
IEDM,2025,S2025-26,40-7,D1,0,,
IEDM,2025,S2025-26,40-8,D1,1,Samsung,company
IEDM,2025,S2025-26,41-1,D7,0,,
IEDM,2025,S2025-26,41-2,D7,0,,
IEDM,2025,S2025-26,41-3,D7,0,,
IEDM,2025,S2025-26,41-4,D7,0,,
IEDM,2025,S2025-26,41-5,D7,0,,
IEDM,2025,S2025-26,41-6,D7,0,,
IEDM,2025,S2025-26,41-7,D7,0,,
IEDM,2025,S2025-26,41-8,D7,0,,
IEDM,2025,S2025-26,42-1,D7,0,,
IEDM,2025,S2025-26,42-2,D7,0,,
IEDM,2025,S2025-26,42-3,D7,0,,
IEDM,2025,S2025-26,42-4,D7,0,,
IEDM,2025,S2025-26,42-5,D7,0,,
IEDM,2025,S2025-26,42-6,D7,0,,
IEDM,2025,S2025-26,42-7,D7,0,,
IEDM,2025,S2025-26,42-8,D7,1,Samsung,company
IEDM,2025,S2025-26,43-1,D8,0,,
IEDM,2025,S2025-26,43-2,D8,0,,
IEDM,2025,S2025-26,43-3,D8,0,,
IEDM,2025,S2025-26,43-4,D8,0,,
IEDM,2025,S2025-26,43-5,D8,0,,
IEDM,2025,S2025-26,43-6,D8,0,,
IEDM,2025,S2025-26,43-7,D8,0,,
ISSCC,2024,S2023-24,1.1,C1,0,,
ISSCC,2024,S2023-24,1.2,C1,0,,
ISSCC,2024,S2023-24,1.3,C1,0,,
ISSCC,2024,S2023-24,1.4,C1,0,,
ISSCC,2024,S2023-24,2.1,C1,0,,
ISSCC,2024,S2023-24,2.2,C1,0,,
ISSCC,2024,S2023-24,2.3,C1,0,,
ISSCC,2024,S2023-24,2.4,C1,1,,
ISSCC,2024,S2023-24,2.5,C1,0,,
ISSCC,2024,S2023-24,2.6,C1,0,,
ISSCC,2024,S2023-24,2.7,C1,0,,
ISSCC,2024,S2023-24,2.8,C1,1,POSTECH;Korea Univ,university
ISSCC,2024,S2023-24,3.1,C2,1,,
ISSCC,2024,S2023-24,3.2,C2,0,,
ISSCC,2024,S2023-24,3.3,C2,0,,
ISSCC,2024,S2023-24,3.4,C2,0,,
ISSCC,2024,S2023-24,3.5,C2,0,,
ISSCC,2024,S2023-24,3.6,C2,1,,
ISSCC,2024,S2023-24,3.7,C2,0,,
ISSCC,2024,S2023-24,3.8,C2,0,,
ISSCC,2024,S2023-24,3.9,C2,1,Samsung,company
ISSCC,2024,S2023-24,3.10,C2,0,,
ISSCC,2024,S2023-24,4.1,C3,0,,
ISSCC,2024,S2023-24,4.2,C3,1,Samsung,company
ISSCC,2024,S2023-24,4.3,C3,1,Samsung,company
ISSCC,2024,S2023-24,4.4,C3,0,,
ISSCC,2024,S2023-24,4.5,C3,1,POSTECH,university
ISSCC,2024,S2023-24,5.1,C3,0,,
ISSCC,2024,S2023-24,5.2,C3,0,,
ISSCC,2024,S2023-24,5.3,C3,0,,
ISSCC,2024,S2023-24,5.4,C3,0,,
ISSCC,2024,S2023-24,5.5,C3,0,,
ISSCC,2024,S2023-24,6.1,D7,0,,
ISSCC,2024,S2023-24,6.2,D7,0,,
ISSCC,2024,S2023-24,6.3,D7,0,,
ISSCC,2024,S2023-24,6.4,D7,0,,
ISSCC,2024,S2023-24,6.5,D7,0,,
ISSCC,2024,S2023-24,6.6,D7,0,,
ISSCC,2024,S2023-24,6.7,D7,1,Sungkyunkwan(SKKU);UNIST,university
ISSCC,2024,S2023-24,6.8,D7,0,,
ISSCC,2024,S2023-24,6.9,D7,0,,
ISSCC,2024,S2023-24,6.10,D7,1,Samsung,company
ISSCC,2024,S2023-24,6.11,D7,1,Sungkyunkwan(SKKU);UNIST,university
ISSCC,2024,S2023-24,7.1,C4,0,,
ISSCC,2024,S2023-24,7.2,C4,0,,
ISSCC,2024,S2023-24,7.3,C4,0,,
ISSCC,2024,S2023-24,7.4,C4,0,,
ISSCC,2024,S2023-24,7.5,C4,0,,
ISSCC,2024,S2023-24,7.6,C4,0,,
ISSCC,2024,S2023-24,7.7,C4,0,,
ISSCC,2024,S2023-24,7.8,C4,0,,
ISSCC,2024,S2023-24,7.9,C4,0,,
ISSCC,2024,S2023-24,2.4,C1,0,,
ISSCC,2024,S2023-24,2.7,C1,0,,
ISSCC,2024,S2023-24,3.1,C2,0,,
ISSCC,2024,S2023-24,3.3,C2,0,,
ISSCC,2024,S2023-24,4.1,C3,0,,
ISSCC,2024,S2023-24,6.2,D7,0,,
ISSCC,2024,S2023-24,6.5,D7,0,,
ISSCC,2024,S2023-24,6.11,D7,0,,
ISSCC,2024,S2023-24,7.2,C4,0,,
ISSCC,2024,S2023-24,7.3,C4,0,,
ISSCC,2024,S2023-24,7.7,C4,0,,
ISSCC,2024,S2023-24,8.6,C5,0,,
ISSCC,2024,S2023-24,9.8,C2,0,,
ISSCC,2024,S2023-24,10.7,C3,0,,
ISSCC,2024,S2023-24,11.3,SP,0,,
ISSCC,2024,S2023-24,11.4,SP,0,,
ISSCC,2024,S2023-24,12.3,C3,0,,
ISSCC,2024,S2023-24,13.5,D2,0,,
ISSCC,2024,S2023-24,14.2,C2,0,,
ISSCC,2024,S2023-24,14.5,C2,0,,
ISSCC,2024,S2023-24,14.8,C2,0,,
ISSCC,2024,S2023-24,15.1,X1,0,,
ISSCC,2024,S2023-24,16.2,C6,0,,
ISSCC,2024,S2023-24,16.5,C6,0,,
ISSCC,2024,S2023-24,16.6,C6,0,,
ISSCC,2024,S2023-24,16.7,C6,0,,
ISSCC,2024,S2023-24,18.2,C4,1,Samsung;UNIST,company;university
ISSCC,2024,S2023-24,8.1,C5,0,,
ISSCC,2024,S2023-24,8.2,C5,1,,
ISSCC,2024,S2023-24,8.3,C5,0,,
ISSCC,2024,S2023-24,8.4,C5,0,,
ISSCC,2024,S2023-24,8.5,C5,0,,
ISSCC,2024,S2023-24,8.6,C5,0,,
ISSCC,2024,S2023-24,8.7,C5,1,Sogang Univ,university
ISSCC,2024,S2023-24,8.8,C5,1,Samsung;Sogang Univ,company;university
ISSCC,2024,S2023-24,8.9,C5,1,Korea Univ,university
ISSCC,2024,S2023-24,8.10,C5,0,,
ISSCC,2024,S2023-24,8.11,C5,1,Samsung,company
ISSCC,2024,S2023-24,9.1,C2,0,,
ISSCC,2024,S2023-24,9.2,C2,1,Samsung,company
ISSCC,2024,S2023-24,9.3,C2,0,,
ISSCC,2024,S2023-24,9.4,C2,0,,
ISSCC,2024,S2023-24,9.5,C2,0,,
ISSCC,2024,S2023-24,9.6,C2,1,Samsung,company
ISSCC,2024,S2023-24,9.7,C2,0,,
ISSCC,2024,S2023-24,9.8,C2,0,,
ISSCC,2024,S2023-24,9.9,C2,1,GIST,university
ISSCC,2024,S2023-24,10.1,C3,0,,
ISSCC,2024,S2023-24,10.2,C3,1,Seoul Nat'l Univ,university
ISSCC,2024,S2023-24,10.3,C3,0,,
ISSCC,2024,S2023-24,10.4,C3,0,,
ISSCC,2024,S2023-24,10.5,C3,1,Seoul Nat'l Univ,university
ISSCC,2024,S2023-24,10.6,C3,0,,
ISSCC,2024,S2023-24,10.7,C3,0,,
ISSCC,2024,S2023-24,10.8,C3,1,Samsung,company
ISSCC,2024,S2023-24,10.9,C3,0,,
ISSCC,2024,S2023-24,11.1,SP,0,,
ISSCC,2024,S2023-24,11.2,SP,0,,
ISSCC,2024,S2023-24,11.3,SP,0,,
ISSCC,2024,S2023-24,11.4,SP,0,,
ISSCC,2024,S2023-24,12.1,??,0,,
ISSCC,2024,S2023-24,12.2,C3,0,,
ISSCC,2024,S2023-24,12.3,C3,0,,
ISSCC,2024,S2023-24,12.4,SP,0,,
ISSCC,2024,S2023-24,12.5,C3,0,,
ISSCC,2024,S2023-24,12.6,C3,1,SK hynix,company
ISSCC,2024,S2023-24,13.1,D2,1,SK hynix,company
ISSCC,2024,S2023-24,13.2,D2,1,Samsung,company
ISSCC,2024,S2023-24,13.3,D2,1,Samsung,company
ISSCC,2024,S2023-24,13.4,D2,1,SK hynix,company
ISSCC,2024,S2023-24,13.5,D2,0,,
ISSCC,2024,S2023-24,13.6,D2,1,Samsung,company
ISSCC,2024,S2023-24,13.7,D2,0,,
ISSCC,2024,S2023-24,13.8,D2,1,SK hynix,company
ISSCC,2024,S2023-24,13.9,D2,1,,
ISSCC,2024,S2023-24,13.10,D2,1,Samsung;UNIST,company;university
ISSCC,2024,S2023-24,14.1,C2,0,,
ISSCC,2024,S2023-24,14.2,C2,0,,
ISSCC,2024,S2023-24,14.3,C2,0,,
ISSCC,2024,S2023-24,14.4,C2,0,,
ISSCC,2024,S2023-24,14.5,C2,0,,
ISSCC,2024,S2023-24,14.6,C2,1,Samsung,company
ISSCC,2024,S2023-24,14.7,C2,0,,
ISSCC,2024,S2023-24,14.8,C2,0,,
ISSCC,2024,S2023-24,14.9,C2,0,,
ISSCC,2024,S2023-24,14.10,C2,1,Samsung,company
ISSCC,2024,S2023-24,15.1,X1,0,,
ISSCC,2024,S2023-24,15.2,X1,0,,
ISSCC,2024,S2023-24,15.3,X1,0,,
ISSCC,2024,S2023-24,15.4,X1,1,Yonsei Univ,university
ISSCC,2024,S2023-24,15.5,X1,1,Sejong Univ,university
ISSCC,2024,S2023-24,15.6,X1,0,,
ISSCC,2024,S2023-24,15.7,X1,0,,
ISSCC,2024,S2023-24,15.8,X1,0,,
ISSCC,2024,S2023-24,15.9,X1,0,,
ISSCC,2024,S2023-24,16.1,C6,1,POSTECH,university
ISSCC,2024,S2023-24,16.2,C6,0,,
ISSCC,2024,S2023-24,16.3,C6,0,,
ISSCC,2024,S2023-24,3.48,,0,,
ISSCC,2024,S2023-24,16.4,C6,0,,
ISSCC,2024,S2023-24,16.5,C6,0,,
ISSCC,2024,S2023-24,16.6,C6,0,,
ISSCC,2024,S2023-24,16.7,C6,0,,
ISSCC,2024,S2023-24,16.8,C6,1,Samsung,company
ISSCC,2024,S2023-24,17.1,D8,0,,
ISSCC,2024,S2023-24,17.2,D8,0,,
ISSCC,2024,S2023-24,17.3,D8,0,,
ISSCC,2024,S2023-24,17.4,D8,0,,
ISSCC,2024,S2023-24,17.5,D8,0,,
ISSCC,2024,S2023-24,17.6,D8,0,,
ISSCC,2024,S2023-24,17.7,D8,0,,
ISSCC,2024,S2023-24,17.8,D8,0,,
ISSCC,2024,S2023-24,17.9,D8,0,,
ISSCC,2024,S2023-24,17.10,D8,0,,
ISSCC,2024,S2023-24,17.11,D8,1,Samsung,company
ISSCC,2024,S2023-24,18.1,C4,1,Samsung,company
ISSCC,2024,S2023-24,18.2,C4,0,,
ISSCC,2024,S2023-24,18.3,C4,0,,
ISSCC,2024,S2023-24,18.4,C4,0,,
ISSCC,2024,S2023-24,19.1,C3,1,,
ISSCC,2024,S2023-24,19.2,C3,0,,
ISSCC,2024,S2023-24,19.3,C3,0,,
ISSCC,2024,S2023-24,19.4,C3,0,,
ISSCC,2024,S2023-24,19.5,C3,0,,
ISSCC,2024,S2023-24,17.1,D8,0,,
ISSCC,2024,S2023-24,17.3,D8,0,,
ISSCC,2024,S2023-24,17.4,D8,0,,
ISSCC,2024,S2023-24,17.7,D8,0,,
ISSCC,2024,S2023-24,20.3,C1,0,,
ISSCC,2024,S2023-24,20.5,C1,0,,
ISSCC,2024,S2023-24,20.6,C1,0,,
ISSCC,2024,S2023-24,20.7,C1,0,,
ISSCC,2024,S2023-24,20.8,C1,0,,
ISSCC,2024,S2023-24,23.2,C3,0,,
ISSCC,2024,S2023-24,23.5,C3,0,,
ISSCC,2024,S2023-24,24.1,C3,0,,
ISSCC,2024,S2023-24,26.5,D7,0,,
ISSCC,2024,S2023-24,28.6,C5,0,,
ISSCC,2024,S2023-24,29.5,X2,0,,
ISSCC,2024,S2023-24,30.1,C1,0,,
ISSCC,2024,S2023-24,30.6,C1,0,,
ISSCC,2024,S2023-24,31.5,C5,0,,
ISSCC,2024,S2023-24,32.1,C3,0,,
ISSCC,2024,S2023-24,32.5,C3,0,,
ISSCC,2024,S2023-24,33.1,C7,0,,
ISSCC,2024,S2023-24,33.2,C7,0,,
ISSCC,2024,S2023-24,33.7,C7,0,,
ISSCC,2024,S2023-24,33.9,C7,0,,
ISSCC,2024,S2023-24,33.10,C7,0,,
ISSCC,2024,S2023-24,34.6,X1,1,Ewha,university
ISSCC,2024,S2023-24,20.1,C1,0,,
ISSCC,2024,S2023-24,20.2,C1,0,,
ISSCC,2024,S2023-24,20.3,C1,0,,
ISSCC,2024,S2023-24,20.4,C1,0,,
ISSCC,2024,S2023-24,20.5,C1,1,,
ISSCC,2024,S2023-24,20.6,C1,1,UNIST,university
ISSCC,2024,S2023-24,20.7,C1,1,,
ISSCC,2024,S2023-24,20.8,C1,1,,
ISSCC,2024,S2023-24,21.1,C2,0,,
ISSCC,2024,S2023-24,21.2,C2,0,,
ISSCC,2024,S2023-24,21.3,C2,0,,
ISSCC,2024,S2023-24,21.4,C2,0,,
ISSCC,2024,S2023-24,22.1,C2,0,,
ISSCC,2024,S2023-24,22.2,C2,0,,
ISSCC,2024,S2023-24,22.3,C2,0,,
ISSCC,2024,S2023-24,22.4,C2,0,,
ISSCC,2024,S2023-24,22.5,C2,0,,
ISSCC,2024,S2023-24,23.1,C3,0,,
ISSCC,2024,S2023-24,23.2,C3,0,,
ISSCC,2024,S2023-24,23.3,C3,0,,
ISSCC,2024,S2023-24,23.4,C3,0,,
ISSCC,2024,S2023-24,23.5,C3,0,,
ISSCC,2024,S2023-24,24.1,C3,0,,
ISSCC,2024,S2023-24,24.2,C3,0,,
ISSCC,2024,S2023-24,24.3,C3,0,,
ISSCC,2024,S2023-24,24.4,C3,0,,
ISSCC,2024,S2023-24,25.1,SP,0,,
ISSCC,2024,S2023-24,25.2,SP,0,,
ISSCC,2024,S2023-24,25.3,SP,0,,
ISSCC,2024,S2023-24,25.4,SP,0,,
ISSCC,2024,S2023-24,26.1,D7,1,,
ISSCC,2024,S2023-24,26.2,D7,1,Korea Univ,university
ISSCC,2024,S2023-24,26.3,D7,1,Samsung;Korea Univ,company;university
ISSCC,2024,S2023-24,26.4,D7,1,,
ISSCC,2024,S2023-24,26.5,D7,0,,
ISSCC,2024,S2023-24,27.1,C3,0,,
ISSCC,2024,S2023-24,27.2,C3,0,,
ISSCC,2024,S2023-24,27.3,C3,1,Korea Univ,university
ISSCC,2024,S2023-24,27.4,C3,0,,
ISSCC,2024,S2023-24,27.5,C3,0,,
ISSCC,2024,S2023-24,28.1,C5,1,,
ISSCC,2024,S2023-24,28.2,C5,0,,
ISSCC,2024,S2023-24,28.3,C5,0,,
ISSCC,2024,S2023-24,28.4,C5,0,,
ISSCC,2024,S2023-24,28.5,C5,1,,
ISSCC,2024,S2023-24,28.6,C5,0,,
ISSCC,2024,S2023-24,29.1,X2,0,,
ISSCC,2024,S2023-24,29.2,X2,0,,
ISSCC,2024,S2023-24,29.3,X2,0,,
ISSCC,2024,S2023-24,29.4,X2,0,,
ISSCC,2024,S2023-24,29.5,X2,0,,
ISSCC,2024,S2023-24,30.1,C1,1,,
ISSCC,2024,S2023-24,30.2,C1,0,,
ISSCC,2024,S2023-24,30.3,C1,0,,
ISSCC,2024,S2023-24,30.4,C1,0,,
ISSCC,2024,S2023-24,30.5,C1,0,,
ISSCC,2024,S2023-24,30.6,C1,1,Samsung,company
ISSCC,2024,S2023-24,31.1,C5,0,,
ISSCC,2024,S2023-24,31.2,C5,0,,
ISSCC,2024,S2023-24,31.3,C5,1,Samsung,company
ISSCC,2024,S2023-24,31.4,C5,0,,
ISSCC,2024,S2023-24,31.5,C5,0,,
ISSCC,2024,S2023-24,31.6,C5,0,,
ISSCC,2024,S2023-24,31.7,C5,0,,
ISSCC,2024,S2023-24,31.8,C5,0,,
ISSCC,2024,S2023-24,31.9,C5,0,,
ISSCC,2024,S2023-24,31.10,C5,0,,
ISSCC,2024,S2023-24,31.11,C5,0,,
ISSCC,2024,S2023-24,32.1,C3,0,,
ISSCC,2024,S2023-24,32.2,C3,1,Samsung,company
ISSCC,2024,S2023-24,32.3,C3,0,,
ISSCC,2024,S2023-24,32.4,C3,0,,
ISSCC,2024,S2023-24,23.1,C3,0,,
ISSCC,2024,S2023-24,32.5,C3,0,,
ISSCC,2024,S2023-24,32.6,C3,0,,
ISSCC,2024,S2023-24,32.7,C3,0,,
ISSCC,2024,S2023-24,32.8,C3,0,,
ISSCC,2024,S2023-24,32.9,C3,0,,
ISSCC,2024,S2023-24,32.10,C3,0,,
ISSCC,2024,S2023-24,33.1,C7,0,,
ISSCC,2024,S2023-24,33.2,C7,0,,
ISSCC,2024,S2023-24,33.3,C7,0,,
ISSCC,2024,S2023-24,33.4,C7,0,,
ISSCC,2024,S2023-24,33.5,C7,0,,
ISSCC,2024,S2023-24,33.6,C7,0,,
ISSCC,2024,S2023-24,33.7,C7,1,UNIST,university
ISSCC,2024,S2023-24,33.8,C7,1,,
ISSCC,2024,S2023-24,33.9,C7,0,,
ISSCC,2024,S2023-24,33.10,C7,0,,
ISSCC,2024,S2023-24,33.11,C7,1,,
ISSCC,2024,S2023-24,34.1,X1,0,,
ISSCC,2024,S2023-24,34.2,X1,0,,
ISSCC,2024,S2023-24,34.3,X1,0,,
ISSCC,2024,S2023-24,34.4,X1,0,,
ISSCC,2024,S2023-24,34.5,X1,0,,
ISSCC,2024,S2023-24,34.6,X1,0,,
ISSCC,2024,S2023-24,34.7,X1,0,,
ISSCC,2024,S2023-24,34.8,X1,0,,
ISSCC,2024,S2023-24,34.9,X1,0,,
ISSCC,2025,S2024-25,1.1,C1,0,,
ISSCC,2025,S2024-25,1.2,C1,0,,
ISSCC,2025,S2024-25,1.3,C1,1,Samsung,company
ISSCC,2025,S2024-25,1.4,C1,0,,
ISSCC,2025,S2024-25,2.1,C1,0,,
ISSCC,2025,S2024-25,2.2,C1,0,,
ISSCC,2025,S2024-25,2.3,C1,0,,
ISSCC,2025,S2024-25,2.4,C1,0,,
ISSCC,2025,S2024-25,2.5,C1,0,,
ISSCC,2025,S2024-25,2.6,C1,0,,
ISSCC,2025,S2024-25,2.7,C1,1,KAIST,university
ISSCC,2025,S2024-25,2.8,C1,0,,
ISSCC,2025,S2024-25,2.9,C1,0,,
ISSCC,2025,S2024-25,2.10,C1,0,,
ISSCC,2025,S2024-25,3.1,C2,0,,
ISSCC,2025,S2024-25,3.2,C2,0,,
ISSCC,2025,S2024-25,3.3,C2,0,,
ISSCC,2025,S2024-25,3.4,C2,0,,
ISSCC,2025,S2024-25,4.1,C2,0,,
ISSCC,2025,S2024-25,4.2,C2,0,,
ISSCC,2025,S2024-25,4.3,C2,0,,
ISSCC,2025,S2024-25,4.4,C2,0,,
ISSCC,2025,S2024-25,4.5,C2,0,,
ISSCC,2025,S2024-25,4.6,C2,0,,
ISSCC,2025,S2024-25,5.1,C3,0,,
ISSCC,2025,S2024-25,5.2,C3,0,,
ISSCC,2025,S2024-25,5.3,C3,0,,
ISSCC,2025,S2024-25,23.5,C1,0,,
ISSCC,2025,S2024-25,5.4,C3,1,Samsung,company
ISSCC,2025,S2024-25,5.5,C3,0,,
ISSCC,2025,S2024-25,5.6,C3,0,,
ISSCC,2025,S2024-25,5.7,C3,0,,
ISSCC,2025,S2024-25,5.8,C3,0,,
ISSCC,2025,S2024-25,5.9,C3,0,,
ISSCC,2025,S2024-25,5.10,C3,0,,
ISSCC,2025,S2024-25,5.11,C3,1,Korea Univ,university
ISSCC,2025,S2024-25,6.1,D7,1,Samsung,company
ISSCC,2025,S2024-25,6.2,D7,1,Sungkyunkwan(SKKU);UNIST;Sogang Univ,university
ISSCC,2025,S2024-25,6.3,D7,1,Samsung;Yonsei Univ,company;university
ISSCC,2025,S2024-25,6.4,D7,0,,
ISSCC,2025,S2024-25,6.5,D7,0,,
ISSCC,2025,S2024-25,6.6,D7,0,,
ISSCC,2025,S2024-25,6.7,D7,1,Hanyang Univ,university
ISSCC,2025,S2024-25,6.8,D7,1,Korea Univ,university
ISSCC,2025,S2024-25,6.9,D7,1,Samsung;Korea Univ,company;university
ISSCC,2025,S2024-25,6.10,D7,1,Samsung;Sungkyunkwan(SKKU),company;university
ISSCC,2025,S2024-25,7.1,C4,0,,
ISSCC,2025,S2024-25,7.2,C4,0,,
ISSCC,2025,S2024-25,7.3,C4,0,,
ISSCC,2025,S2024-25,7.4,C4,0,,
ISSCC,2025,S2024-25,7.5,C4,1,,
ISSCC,2025,S2024-25,7.6,C4,0,,
ISSCC,2025,S2024-25,7.7,C4,0,,
ISSCC,2025,S2024-25,7.8,C4,0,,
ISSCC,2025,S2024-25,7.9,C4,0,,
ISSCC,2025,S2024-25,7.10,C4,0,,
ISSCC,2025,S2024-25,2.5,C1,0,,
ISSCC,2025,S2024-25,2.6,C1,0,,
ISSCC,2025,S2024-25,2.7,C1,0,,
ISSCC,2025,S2024-25,2.9,C1,0,,
ISSCC,2025,S2024-25,4.2,C2,0,,
ISSCC,2025,S2024-25,4.3,C2,0,,
ISSCC,2025,S2024-25,6.1,D7,0,,
ISSCC,2025,S2024-25,7.2,C4,0,,
ISSCC,2025,S2024-25,7.4,C4,0,,
ISSCC,2025,S2024-25,7.6,C4,0,,
ISSCC,2025,S2024-25,8.8,C2,0,,
ISSCC,2025,S2024-25,8.9,C2,0,,
ISSCC,2025,S2024-25,9.6,C5,0,,
ISSCC,2025,S2024-25,92.2,,0,,
ISSCC,2025,S2024-25,10.1,C3,0,,
ISSCC,2025,S2024-25,10.5,C3,0,,
ISSCC,2025,S2024-25,13.2,X2,0,,
ISSCC,2025,S2024-25,13.3,X2,0,,
ISSCC,2025,S2024-25,13.4,X2,0,,
ISSCC,2025,S2024-25,14.3,X1,0,,
ISSCC,2025,S2024-25,16.1,SP,0,,
ISSCC,2025,S2024-25,16.2,SP,1,UNIST,university
ISSCC,2025,S2024-25,8.1,C2,0,,
ISSCC,2025,S2024-25,8.2,C2,0,,
ISSCC,2025,S2024-25,8.3,C2,0,,
ISSCC,2025,S2024-25,8.4,C2,1,Samsung,company
ISSCC,2025,S2024-25,8.5,C2,1,Seoul Nat'l Univ;Kyung Hee,university
ISSCC,2025,S2024-25,8.6,C2,0,,
ISSCC,2025,S2024-25,8.7,C2,0,,
ISSCC,2025,S2024-25,2.4,C1,0,,
ISSCC,2025,S2024-25,8.8,C2,0,,
ISSCC,2025,S2024-25,8.9,C2,1,Samsung,company
ISSCC,2025,S2024-25,9.1,C5,0,,
ISSCC,2025,S2024-25,9.2,C5,0,,
ISSCC,2025,S2024-25,9.3,C5,1,Samsung,company
ISSCC,2025,S2024-25,9.4,C5,0,,
ISSCC,2025,S2024-25,9.5,C5,1,Sogang Univ,university
ISSCC,2025,S2024-25,9.6,C5,0,,
ISSCC,2025,S2024-25,92.2,,0,,
ISSCC,2025,S2024-25,9.7,C5,0,,
ISSCC,2025,S2024-25,9.8,C5,1,Samsung,company
ISSCC,2025,S2024-25,9.9,C5,0,,
ISSCC,2025,S2024-25,9.10,C5,0,,
ISSCC,2025,S2024-25,9.11,C5,0,,
ISSCC,2025,S2024-25,10.1,C3,0,,
ISSCC,2025,S2024-25,10.2,C3,0,,
ISSCC,2025,S2024-25,10.3,C3,0,,
ISSCC,2025,S2024-25,10.4,C3,1,Samsung,company
ISSCC,2025,S2024-25,10.5,C3,0,,
ISSCC,2025,S2024-25,11.1,C3,0,,
ISSCC,2025,S2024-25,11.2,C3,0,,
ISSCC,2025,S2024-25,11.3,C3,0,,
ISSCC,2025,S2024-25,11.4,C3,0,,
ISSCC,2025,S2024-25,11.5,C3,0,,
ISSCC,2025,S2024-25,12.1,SP,0,,
ISSCC,2025,S2024-25,12.2,SP,0,,
ISSCC,2025,S2024-25,12.3,SP,0,,
ISSCC,2025,S2024-25,12.4,SP,0,,
ISSCC,2025,S2024-25,13.1,X2,0,,
ISSCC,2025,S2024-25,13.2,X2,0,,
ISSCC,2025,S2024-25,13.3,X2,0,,
ISSCC,2025,S2024-25,13.4,X2,0,,
ISSCC,2025,S2024-25,13.5,X2,0,,
ISSCC,2025,S2024-25,13.6,X2,0,,
ISSCC,2025,S2024-25,14.1,X1,0,,
ISSCC,2025,S2024-25,14.2,X1,0,,
ISSCC,2025,S2024-25,14.3,X1,0,,
ISSCC,2025,S2024-25,14.4,X1,0,,
ISSCC,2025,S2024-25,14.5,X1,0,,
ISSCC,2025,S2024-25,14.6,X1,0,,
ISSCC,2025,S2024-25,14.7,X1,0,,
ISSCC,2025,S2024-25,15.1,C7,0,,
ISSCC,2025,S2024-25,15.2,C7,0,,
ISSCC,2025,S2024-25,15.3,C7,0,,
ISSCC,2025,S2024-25,15.4,C7,0,,
ISSCC,2025,S2024-25,15.5,C7,0,,
ISSCC,2025,S2024-25,15.6,C7,0,,
ISSCC,2025,S2024-25,15.7,C7,1,UNIST;Sogang Univ,university
ISSCC,2025,S2024-25,16.1,SP,0,,
ISSCC,2025,S2024-25,16.2,SP,1,,
ISSCC,2025,S2024-25,16.3,SP,1,Samsung,company
ISSCC,2025,S2024-25,16.4,SP,0,,
ISSCC,2025,S2024-25,17.1,C6,0,,
ISSCC,2025,S2024-25,17.2,C6,0,,
ISSCC,2025,S2024-25,17.3,C6,0,,
ISSCC,2025,S2024-25,17.4,C6,1,Samsung,company
ISSCC,2025,S2024-25,17.5,C6,0,,
ISSCC,2025,S2024-25,17.6,C6,0,,
ISSCC,2025,S2024-25,18.1,C2,0,,
ISSCC,2025,S2024-25,18.2,C2,0,,
ISSCC,2025,S2024-25,18.3,C2,0,,
ISSCC,2025,S2024-25,18.4,C2,0,,
ISSCC,2025,S2024-25,18.5,C2,0,,
ISSCC,2025,S2024-25,18.6,C2,0,,
ISSCC,2025,S2024-25,18.7,C2,0,,
ISSCC,2025,S2024-25,18.8,C2,0,,
ISSCC,2025,S2024-25,19.1,C3,0,,
ISSCC,2025,S2024-25,19.2,C3,0,,
ISSCC,2025,S2024-25,19.3,C3,0,,
ISSCC,2025,S2024-25,19.4,C3,0,,
ISSCC,2025,S2024-25,19.5,C3,0,,
ISSCC,2025,S2024-25,19.6,C3,1,,
ISSCC,2025,S2024-25,19.7,C3,0,,
ISSCC,2025,S2024-25,19.8,C3,0,,
ISSCC,2025,S2024-25,19.9,C3,0,,
ISSCC,2025,S2024-25,19.10,C3,0,,
ISSCC,2025,S2024-25,19.11,C3,1,KAIST,university
ISSCC,2025,S2024-25,20.1,D8,0,,
ISSCC,2025,S2024-25,20.2,D8,0,,
ISSCC,2025,S2024-25,20.3,D8,0,,
ISSCC,2025,S2024-25,20.4,D8,0,,
ISSCC,2025,S2024-25,20.5,D8,0,,
ISSCC,2025,S2024-25,20.6,D8,0,,
ISSCC,2025,S2024-25,20.7,D8,0,,
ISSCC,2025,S2024-25,20.8,D8,0,,
ISSCC,2025,S2024-25,20.9,D8,0,,
ISSCC,2025,S2024-25,20.10,D8,0,,
ISSCC,2025,S2024-25,20.11,D8,0,,
ISSCC,2025,S2024-25,20.12,D8,0,,
ISSCC,2025,S2024-25,21.1,C5,0,,
ISSCC,2025,S2024-25,21.2,C5,1,Samsung,company
ISSCC,2025,S2024-25,21.3,C5,0,,
ISSCC,2025,S2024-25,21.4,C5,1,Korea Univ,university
ISSCC,2025,S2024-25,21.5,C5,0,,
ISSCC,2025,S2024-25,21.6,C5,1,Samsung;Sogang Univ,company;university
ISSCC,2025,S2024-25,21.7,C5,0,,
ISSCC,2025,S2024-25,21.8,C5,0,,
ISSCC,2025,S2024-25,21.9,C5,1,SK hynix,company
ISSCC,2025,S2024-25,22.1,D2,1,Seoul Nat'l Univ,university
ISSCC,2025,S2024-25,22.2,D2,1,Seoul Nat'l Univ,university
ISSCC,2025,S2024-25,22.3,D2,1,SK hynix;Seoul Nat'l Univ,company;university
ISSCC,2025,S2024-25,22.4,D2,1,Samsung;Hanyang Univ,company;university
ISSCC,2025,S2024-25,22.5,D2,1,Korea Univ,university
ISSCC,2025,S2024-25,11.1,C3,0,,
ISSCC,2025,S2024-25,11.4,C3,0,,
ISSCC,2025,S2024-25,15.3,C7,0,,
ISSCC,2025,S2024-25,16.1,SP,0,,
ISSCC,2025,S2024-25,16.2,SP,0,,
ISSCC,2025,S2024-25,20.4,D8,0,,
ISSCC,2025,S2024-25,20.7,D8,0,,
ISSCC,2025,S2024-25,20.10,D8,0,,
ISSCC,2025,S2024-25,20.11,D8,0,,
ISSCC,2025,S2024-25,20.12,D8,0,,
ISSCC,2025,S2024-25,21.5,C5,0,,
ISSCC,2025,S2024-25,23.2,C1,0,,
ISSCC,2025,S2024-25,23.3,C1,0,,
ISSCC,2025,S2024-25,23.7,C1,0,,
ISSCC,2025,S2024-25,23.9,C1,0,,
ISSCC,2025,S2024-25,25.2,C3,0,,
ISSCC,2025,S2024-25,27.1,D8,0,,
ISSCC,2025,S2024-25,27.5,D8,0,,
ISSCC,2025,S2024-25,29.4,D2,0,,
ISSCC,2025,S2024-25,36.3,C4,0,,
ISSCC,2025,S2024-25,37.2,C1,0,,
ISSCC,2025,S2024-25,0.6,,0,,
ISSCC,2025,S2024-25,37.4,C1,0,,
ISSCC,2025,S2024-25,37.7,C1,1,Seoul Nat'l Univ,university
ISSCC,2025,S2024-25,23.1,C1,0,,
ISSCC,2025,S2024-25,23.2,C1,0,,
ISSCC,2025,S2024-25,23.3,C1,1,KAIST,university
ISSCC,2025,S2024-25,23.4,C1,0,,
ISSCC,2025,S2024-25,23.5,C1,0,,
ISSCC,2025,S2024-25,23.6,C1,1,Chung-Ang,university
ISSCC,2025,S2024-25,23.7,C1,1,KAIST,university
ISSCC,2025,S2024-25,23.8,C1,0,,
ISSCC,2025,S2024-25,23.9,C1,1,KAIST,university
ISSCC,2025,S2024-25,23.10,C1,1,KAIST,university
ISSCC,2025,S2024-25,24.1,C2,0,,
ISSCC,2025,S2024-25,24.2,C2,0,,
ISSCC,2025,S2024-25,24.3,C2,0,,
ISSCC,2025,S2024-25,24.4,C2,0,,
ISSCC,2025,S2024-25,24.5,C2,0,,
ISSCC,2025,S2024-25,55.3,,0,,
ISSCC,2025,S2024-25,24.6,C2,0,,
ISSCC,2025,S2024-25,24.7,C2,0,,
ISSCC,2025,S2024-25,24.8,C2,0,,
ISSCC,2025,S2024-25,25.1,C3,0,,
ISSCC,2025,S2024-25,25.2,C3,0,,
ISSCC,2025,S2024-25,25.3,C3,0,,
ISSCC,2025,S2024-25,25.4,C3,0,,
ISSCC,2025,S2024-25,25.5,C3,0,,
ISSCC,2025,S2024-25,26.1,C3,0,,
ISSCC,2025,S2024-25,26.2,C3,0,,
ISSCC,2025,S2024-25,26.3,C3,0,,
ISSCC,2025,S2024-25,26.4,C3,0,,
ISSCC,2025,S2024-25,26.5,C3,0,,
ISSCC,2025,S2024-25,27.1,D8,0,,
ISSCC,2025,S2024-25,27.2,D8,0,,
ISSCC,2025,S2024-25,27.3,D8,0,,
ISSCC,2025,S2024-25,27.4,D8,0,,
ISSCC,2025,S2024-25,27.5,D8,0,,
ISSCC,2025,S2024-25,28.1,D8,1,,
ISSCC,2025,S2024-25,28.2,D8,1,,
ISSCC,2025,S2024-25,28.3,D8,0,,
ISSCC,2025,S2024-25,28.4,D8,0,,
ISSCC,2025,S2024-25,29.1,D2,0,,
ISSCC,2025,S2024-25,29.2,D2,0,,
ISSCC,2025,S2024-25,29.3,D2,0,,
ISSCC,2025,S2024-25,29.4,D2,0,,
ISSCC,2025,S2024-25,29.5,D2,1,Samsung,company
ISSCC,2025,S2024-25,30.1,D2,1,Samsung,company
ISSCC,2025,S2024-25,30.2,D2,0,,
ISSCC,2025,S2024-25,30.3,D2,1,Samsung,company
ISSCC,2025,S2024-25,30.4,D2,1,Samsung,company
ISSCC,2025,S2024-25,30.5,D2,1,SK hynix,company
ISSCC,2025,S2024-25,30.6,D2,1,SK hynix;Sogang Univ,company;university
ISSCC,2025,S2024-25,31.1,C5,0,,
ISSCC,2025,S2024-25,31.2,C5,1,KAIST,university
ISSCC,2025,S2024-25,31.3,C5,0,,
ISSCC,2025,S2024-25,31.4,C5,0,,
ISSCC,2025,S2024-25,32.1,C5,0,,
ISSCC,2025,S2024-25,32.2,C5,0,,
ISSCC,2025,S2024-25,32.3,C5,0,,
ISSCC,2025,S2024-25,32.4,C5,0,,
ISSCC,2025,S2024-25,32.5,C5,0,,
ISSCC,2025,S2024-25,32.6,C5,0,,
ISSCC,2025,S2024-25,33.1,C3,0,,
ISSCC,2025,S2024-25,33.2,C3,0,,
ISSCC,2025,S2024-25,33.3,C3,0,,
ISSCC,2025,S2024-25,33.4,C3,0,,
ISSCC,2025,S2024-25,33.5,C3,0,,
ISSCC,2025,S2024-25,34.1,C2,1,Seoul Nat'l Univ,university
ISSCC,2025,S2024-25,34.2,C2,0,,
ISSCC,2025,S2024-25,34.3,C2,0,,
ISSCC,2025,S2024-25,34.4,C2,0,,
ISSCC,2025,S2024-25,34.5,C2,0,,
ISSCC,2025,S2024-25,34.6,C2,0,,
ISSCC,2025,S2024-25,35.1,C7,0,,
ISSCC,2025,S2024-25,35.2,C7,0,,
ISSCC,2025,S2024-25,35.3,C7,0,,
ISSCC,2025,S2024-25,35.4,C7,0,,
ISSCC,2025,S2024-25,35.5,C7,1,KAIST,university
ISSCC,2025,S2024-25,35.6,C7,1,Samsung,company
ISSCC,2025,S2024-25,35.7,C7,1,POSTECH,university
ISSCC,2025,S2024-25,35.8,C7,0,,
ISSCC,2025,S2024-25,36.1,C4,0,,
ISSCC,2025,S2024-25,36.2,C4,0,,
ISSCC,2025,S2024-25,36.3,C4,0,,
ISSCC,2025,S2024-25,36.4,C4,0,,
ISSCC,2025,S2024-25,36.5,C4,0,,
ISSCC,2025,S2024-25,36.6,C4,0,,
ISSCC,2025,S2024-25,36.7,C4,0,,
ISSCC,2025,S2024-25,36.8,C4,0,,
ISSCC,2025,S2024-25,36.9,C4,0,,
ISSCC,2025,S2024-25,37.1,C1,0,,
ISSCC,2025,S2024-25,37.2,C1,0,,
ISSCC,2025,S2024-25,0.6,,0,,
ISSCC,2025,S2024-25,37.3,C1,1,Samsung;Seoul Nat'l Univ,company;university
ISSCC,2025,S2024-25,37.4,C1,0,,
ISSCC,2025,S2024-25,37.5,C1,0,,
ISSCC,2025,S2024-25,37.6,C1,0,,
ISSCC,2025,S2024-25,37.7,C1,1,Seoul Nat'l Univ,university
ISSCC,2025,S2024-25,37.8,C1,1,,
ISSCC,2026,S2025-26,1.1,D6,0,,
ISSCC,2026,S2025-26,1.2,D6,0,,
ISSCC,2026,S2025-26,1.3,D6,0,,
ISSCC,2026,S2025-26,1.4,D6,0,,
ISSCC,2026,S2025-26,2.1,C1,0,,
ISSCC,2026,S2025-26,2.2,C1,1,,
ISSCC,2026,S2025-26,2.3,C1,1,Yonsei Univ;UNIST,university
ISSCC,2026,S2025-26,2.4,C1,1,POSTECH,university
ISSCC,2026,S2025-26,2.5,C1,1,POSTECH,university
ISSCC,2026,S2025-26,2.6,C1,0,,
ISSCC,2026,S2025-26,2.7,C1,0,,
ISSCC,2026,S2025-26,2.8,C1,0,,
ISSCC,2026,S2025-26,2.9,C1,0,,
ISSCC,2026,S2025-26,2.10,C1,1,Korea Univ,university
ISSCC,2026,S2025-26,3.1,C7,0,,
ISSCC,2026,S2025-26,3.2,C7,0,,
ISSCC,2026,S2025-26,3.3,C7,0,,
ISSCC,2026,S2025-26,3.4,C7,0,,
ISSCC,2026,S2025-26,3.5,C7,0,,
ISSCC,2026,S2025-26,61.1,,0,,
ISSCC,2026,S2025-26,4.1,C2,0,,
ISSCC,2026,S2025-26,4.2,C2,0,,
ISSCC,2026,S2025-26,4.3,C2,0,,
ISSCC,2026,S2025-26,4.4,C2,0,,
ISSCC,2026,S2025-26,4.5,C2,0,,
ISSCC,2026,S2025-26,4.6,C2,0,,
ISSCC,2026,S2025-26,5.1,C3,0,,
ISSCC,2026,S2025-26,5.2,C3,0,,
ISSCC,2026,S2025-26,5.3,C3,0,,
ISSCC,2026,S2025-26,5.4,C3,0,,
ISSCC,2026,S2025-26,6.1,C3,0,,
ISSCC,2026,S2025-26,6.2,C3,0,,
ISSCC,2026,S2025-26,6.3,C3,0,,
ISSCC,2026,S2025-26,6.4,C3,0,,
ISSCC,2026,S2025-26,6.5,C3,0,,
ISSCC,2026,S2025-26,7.1,D7,0,,
ISSCC,2026,S2025-26,7.2,D7,1,,
ISSCC,2026,S2025-26,7.3,D7,1,Sungkyunkwan(SKKU);Sogang Univ,university
ISSCC,2026,S2025-26,7.4,D7,1,Sungkyunkwan(SKKU);Sogang Univ,university
ISSCC,2026,S2025-26,7.5,D7,0,,
ISSCC,2026,S2025-26,7.6,D7,0,,
ISSCC,2026,S2025-26,7.7,D7,1,Sungkyunkwan(SKKU);UNIST;Sogang Univ,university
ISSCC,2026,S2025-26,7.8,D7,0,,
ISSCC,2026,S2025-26,7.9,D7,1,Samsung,company
ISSCC,2026,S2025-26,7.10,D7,0,,
ISSCC,2026,S2025-26,8.1,C4,0,,
ISSCC,2026,S2025-26,8.2,C4,0,,
ISSCC,2026,S2025-26,8.3,C4,0,,
ISSCC,2026,S2025-26,8.4,C4,0,,
ISSCC,2026,S2025-26,8.5,C4,0,,
ISSCC,2026,S2025-26,8.6,C4,0,,
ISSCC,2026,S2025-26,8.7,C4,0,,
ISSCC,2026,S2025-26,8.8,C4,1,Seoul Nat'l Univ,university
ISSCC,2026,S2025-26,8.9,C4,0,,
ISSCC,2026,S2025-26,8.10,C4,0,,
ISSCC,2026,S2025-26,8.11,C4,0,,
ISSCC,2026,S2025-26,9.1,C3,0,,
ISSCC,2026,S2025-26,9.2,C3,0,,
ISSCC,2026,S2025-26,9.3,C3,0,,
ISSCC,2026,S2025-26,9.4,C3,0,,
ISSCC,2026,S2025-26,2.2,C1,0,,
ISSCC,2026,S2025-26,2.3,C1,0,,
ISSCC,2026,S2025-26,3.1,C7,0,,
ISSCC,2026,S2025-26,3.2,C7,0,,
ISSCC,2026,S2025-26,3.3,C7,0,,
ISSCC,2026,S2025-26,3.4,C7,0,,
ISSCC,2026,S2025-26,3.5,C7,0,,
ISSCC,2026,S2025-26,61.1,,0,,
ISSCC,2026,S2025-26,5.3,C3,0,,
ISSCC,2026,S2025-26,7.1,D7,0,,
ISSCC,2026,S2025-26,7.4,D7,0,,
ISSCC,2026,S2025-26,10.1,C1,0,,
ISSCC,2026,S2025-26,10.6,C1,0,,
ISSCC,2026,S2025-26,13.1,C1,0,,
ISSCC,2026,S2025-26,13.2,C1,0,,
ISSCC,2026,S2025-26,14.1,D3,0,,
ISSCC,2026,S2025-26,14.4,D3,0,,
ISSCC,2026,S2025-26,16.5,C5,0,,
ISSCC,2026,S2025-26,16.7,C5,0,,
ISSCC,2026,S2025-26,16.10,C5,0,,
ISSCC,2026,S2025-26,17.2,C1,0,,
ISSCC,2026,S2025-26,17.3,C1,0,,
ISSCC,2026,S2025-26,18.3,C1,0,,
ISSCC,2026,S2025-26,18.4,C1,0,,
ISSCC,2026,S2025-26,19.8,C5,0,,
ISSCC,2026,S2025-26,20.8,C3,0,,
ISSCC,2026,S2025-26,20.9,C3,0,,
ISSCC,2026,S2025-26,20.10,C3,0,,
ISSCC,2026,S2025-26,21.7,D8,0,,
ISSCC,2026,S2025-26,23.2,C4,0,,
ISSCC,2026,S2025-26,23.3,C4,0,,
ISSCC,2026,S2025-26,23.4,C4,0,,
ISSCC,2026,S2025-26,10.1,C1,0,,
ISSCC,2026,S2025-26,10.2,C1,0,,
ISSCC,2026,S2025-26,10.3,C1,0,,
ISSCC,2026,S2025-26,10.4,C1,0,,
ISSCC,2026,S2025-26,10.5,C1,0,,
ISSCC,2026,S2025-26,10.6,C1,0,,
ISSCC,2026,S2025-26,10.7,C1,0,,
ISSCC,2026,S2025-26,10.8,C1,1,,
ISSCC,2026,S2025-26,10.9,C1,0,,
ISSCC,2026,S2025-26,10.10,C1,0,,
ISSCC,2026,S2025-26,11.1,C2,0,,
ISSCC,2026,S2025-26,11.2,C2,0,,
ISSCC,2026,S2025-26,11.3,C2,0,,
ISSCC,2026,S2025-26,11.4,C2,0,,
ISSCC,2026,S2025-26,11.5,C2,0,,
ISSCC,2026,S2025-26,11.6,C2,0,,
ISSCC,2026,S2025-26,11.7,C2,0,,
ISSCC,2026,S2025-26,11.8,C2,0,,
ISSCC,2026,S2025-26,12.1,C3,0,,
ISSCC,2026,S2025-26,12.2,C3,0,,
ISSCC,2026,S2025-26,12.3,C3,0,,
ISSCC,2026,S2025-26,12.4,C3,0,,
ISSCC,2026,S2025-26,12.5,C3,0,,
ISSCC,2026,S2025-26,12.6,C3,0,,
ISSCC,2026,S2025-26,12.7,C3,0,,
ISSCC,2026,S2025-26,12.8,C3,0,,
ISSCC,2026,S2025-26,12.9,C3,1,,
ISSCC,2026,S2025-26,13.1,C1,0,,
ISSCC,2026,S2025-26,13.2,C1,0,,
ISSCC,2026,S2025-26,13.3,C1,0,,
ISSCC,2026,S2025-26,13.4,C1,0,,
ISSCC,2026,S2025-26,13.5,C1,0,,
ISSCC,2026,S2025-26,14.1,D3,0,,
ISSCC,2026,S2025-26,14.2,D3,0,,
ISSCC,2026,S2025-26,14.3,D3,0,,
ISSCC,2026,S2025-26,14.4,D3,0,,
ISSCC,2026,S2025-26,14.5,D3,0,,
ISSCC,2026,S2025-26,14.6,D3,0,,
ISSCC,2026,S2025-26,15.1,D2,0,,
ISSCC,2026,S2025-26,15.2,D2,0,,
ISSCC,2026,S2025-26,15.3,D2,1,Samsung,company
ISSCC,2026,S2025-26,15.4,D2,0,,
ISSCC,2026,S2025-26,15.5,D2,0,,
ISSCC,2026,S2025-26,15.6,D2,1,Samsung,company
ISSCC,2026,S2025-26,15.7,D2,1,SK hynix,company
ISSCC,2026,S2025-26,15.8,D2,1,Samsung,company
ISSCC,2026,S2025-26,15.9,D2,1,SK hynix,company
ISSCC,2026,S2025-26,15.10,D2,1,Samsung;Sogang Univ,company;university
ISSCC,2026,S2025-26,16.1,C5,0,,
ISSCC,2026,S2025-26,16.2,C5,0,,
ISSCC,2026,S2025-26,16.3,C5,0,,
ISSCC,2026,S2025-26,16.4,C5,0,,
ISSCC,2026,S2025-26,8.86,,0,,
ISSCC,2026,S2025-26,16.5,C5,0,,
ISSCC,2026,S2025-26,16.6,C5,0,,
ISSCC,2026,S2025-26,2.15,,0,,
ISSCC,2026,S2025-26,16.7,C5,0,,
ISSCC,2026,S2025-26,16.8,C5,0,,
ISSCC,2026,S2025-26,16.9,C5,1,Samsung;Korea Univ,company;university
ISSCC,2026,S2025-26,16.10,C5,0,,
ISSCC,2026,S2025-26,17.1,C1,0,,
ISSCC,2026,S2025-26,17.2,C1,0,,
ISSCC,2026,S2025-26,17.3,C1,1,,
ISSCC,2026,S2025-26,17.4,C1,1,Seoul Nat'l Univ,university
ISSCC,2026,S2025-26,18.1,C1,0,,
ISSCC,2026,S2025-26,18.2,C1,0,,
ISSCC,2026,S2025-26,18.3,C1,1,,
ISSCC,2026,S2025-26,18.4,C1,0,,
ISSCC,2026,S2025-26,18.5,C1,0,,
ISSCC,2026,S2025-26,19.1,C5,0,,
ISSCC,2026,S2025-26,19.2,C5,0,,
ISSCC,2026,S2025-26,94.6,,0,,
ISSCC,2026,S2025-26,19.3,C5,1,Sogang Univ,university
ISSCC,2026,S2025-26,19.4,C5,0,,
ISSCC,2026,S2025-26,19.5,C5,0,,
ISSCC,2026,S2025-26,19.6,C5,0,,
ISSCC,2026,S2025-26,19.7,C5,1,Sogang Univ,university
ISSCC,2026,S2025-26,19.8,C5,0,,
ISSCC,2026,S2025-26,19.9,C5,0,,
ISSCC,2026,S2025-26,20.1,C3,0,,
ISSCC,2026,S2025-26,29.7,,0,,
ISSCC,2026,S2025-26,20.2,C3,1,Samsung,company
ISSCC,2026,S2025-26,20.3,C3,0,,
ISSCC,2026,S2025-26,20.4,C3,0,,
ISSCC,2026,S2025-26,20.5,C3,0,,
ISSCC,2026,S2025-26,20.6,C3,0,,
ISSCC,2026,S2025-26,20.7,C3,0,,
ISSCC,2026,S2025-26,20.8,C3,0,,
ISSCC,2026,S2025-26,20.9,C3,0,,
ISSCC,2026,S2025-26,20.10,C3,0,,
ISSCC,2026,S2025-26,20.11,C3,0,,
ISSCC,2026,S2025-26,21.1,D8,1,,
ISSCC,2026,S2025-26,21.2,D8,0,,
ISSCC,2026,S2025-26,21.3,D8,0,,
ISSCC,2026,S2025-26,21.4,D8,0,,
ISSCC,2026,S2025-26,0.05,,0,,
ISSCC,2026,S2025-26,21.5,D8,1,Samsung,company
ISSCC,2026,S2025-26,21.6,D8,0,,
ISSCC,2026,S2025-26,21.7,D8,0,,
ISSCC,2026,S2025-26,21.8,D8,0,,
ISSCC,2026,S2025-26,21.9,D8,0,,
ISSCC,2026,S2025-26,22.1,SP,0,,
ISSCC,2026,S2025-26,22.2,SP,0,,
ISSCC,2026,S2025-26,22.3,SP,0,,
ISSCC,2026,S2025-26,22.4,SP,1,Seoul Nat'l Univ,university
ISSCC,2026,S2025-26,22.5,SP,0,,
ISSCC,2026,S2025-26,23.1,C4,0,,
ISSCC,2026,S2025-26,23.2,C4,0,,
ISSCC,2026,S2025-26,23.3,C4,0,,
ISSCC,2026,S2025-26,23.4,C4,0,,
ISSCC,2026,S2025-26,23.5,C4,0,,
ISSCC,2026,S2025-26,23.6,C4,1,,
ISSCC,2026,S2025-26,24.1,D7,1,Samsung,company
ISSCC,2026,S2025-26,24.2,D7,1,KAIST,university
ISSCC,2026,S2025-26,24.3,D7,0,,
ISSCC,2026,S2025-26,24.4,D7,1,KAIST,university
ISSCC,2026,S2025-26,24.5,D7,1,KAIST,university
ISSCC,2026,S2025-26,24.6,D7,1,Samsung,company
ISSCC,2026,S2025-26,2.7,C1,0,,
ISSCC,2026,S2025-26,2.10,C1,0,,
ISSCC,2026,S2025-26,4.3,C2,0,,
ISSCC,2026,S2025-26,4.5,C2,0,,
ISSCC,2026,S2025-26,6.5,C3,0,,
ISSCC,2026,S2025-26,7.8,D7,0,,
ISSCC,2026,S2025-26,7.10,D7,0,,
ISSCC,2026,S2025-26,17.2,C1,0,,
ISSCC,2026,S2025-26,17.3,C1,0,,
ISSCC,2026,S2025-26,20.3,C3,0,,
ISSCC,2026,S2025-26,20.4,C3,0,,
ISSCC,2026,S2025-26,21.2,D8,0,,
ISSCC,2026,S2025-26,25.1,C6,0,,
ISSCC,2026,S2025-26,25.3,C6,0,,
ISSCC,2026,S2025-26,29.1,C7,0,,
ISSCC,2026,S2025-26,29.3,C7,0,,
ISSCC,2026,S2025-26,29.6,C7,0,,
ISSCC,2026,S2025-26,30.1,X1,0,,
ISSCC,2026,S2025-26,30.9,X1,0,,
ISSCC,2026,S2025-26,31.5,C1,0,,
ISSCC,2026,S2025-26,31.9,C1,0,,
ISSCC,2026,S2025-26,33.2,C3,0,,
ISSCC,2026,S2025-26,34.1,C3,0,,
ISSCC,2026,S2025-26,34.3,C3,0,,
ISSCC,2026,S2025-26,34.4,C3,0,,
ISSCC,2026,S2025-26,34.5,C3,0,,
ISSCC,2026,S2025-26,35.5,C3,0,,
ISSCC,2026,S2025-26,36.1,C7,0,,
ISSCC,2026,S2025-26,36.2,C7,0,,
ISSCC,2026,S2025-26,36.6,C7,0,,
ISSCC,2026,S2025-26,36.11,C7,0,,
ISSCC,2026,S2025-26,25.1,C6,0,,
ISSCC,2026,S2025-26,25.2,C6,0,,
ISSCC,2026,S2025-26,25.3,C6,0,,
ISSCC,2026,S2025-26,25.4,C6,1,KAIST,university
ISSCC,2026,S2025-26,25.5,C6,0,,
ISSCC,2026,S2025-26,25.6,C6,0,,
ISSCC,2026,S2025-26,25.7,C6,0,,
ISSCC,2026,S2025-26,25.8,C6,0,,
ISSCC,2026,S2025-26,25.9,C6,1,Samsung;Yonsei Univ,company;university
ISSCC,2026,S2025-26,25.10,C6,1,Samsung,company
ISSCC,2026,S2025-26,26.1,C5,0,,
ISSCC,2026,S2025-26,26.2,C5,0,,
ISSCC,2026,S2025-26,26.3,C5,0,,
ISSCC,2026,S2025-26,26.4,C5,0,,
ISSCC,2026,S2025-26,26.5,C5,0,,
ISSCC,2026,S2025-26,26.6,C5,1,Sogang Univ,university
ISSCC,2026,S2025-26,26.7,C5,0,,
ISSCC,2026,S2025-26,26.8,C5,0,,
ISSCC,2026,S2025-26,26.9,C5,0,,
ISSCC,2026,S2025-26,27.1,C3,0,,
ISSCC,2026,S2025-26,27.2,C3,0,,
ISSCC,2026,S2025-26,27.3,C3,0,,
ISSCC,2026,S2025-26,27.4,C3,0,,
ISSCC,2026,S2025-26,27.5,C3,0,,
ISSCC,2026,S2025-26,27.6,C3,0,,
ISSCC,2026,S2025-26,27.7,C3,0,,
ISSCC,2026,S2025-26,0.02,,0,,
ISSCC,2026,S2025-26,27.8,C3,1,Samsung,company
ISSCC,2026,S2025-26,27.9,C3,0,,
ISSCC,2026,S2025-26,27.10,C3,0,,
ISSCC,2026,S2025-26,28.1,SP,0,,
ISSCC,2026,S2025-26,28.2,SP,0,,
ISSCC,2026,S2025-26,28.3,SP,0,,
ISSCC,2026,S2025-26,28.4,SP,0,,
ISSCC,2026,S2025-26,29.1,C7,0,,
ISSCC,2026,S2025-26,29.2,C7,0,,
ISSCC,2026,S2025-26,29.3,C7,0,,
ISSCC,2026,S2025-26,29.4,C7,0,,
ISSCC,2026,S2025-26,29.5,C7,0,,
ISSCC,2026,S2025-26,29.6,C7,0,,
ISSCC,2026,S2025-26,30.1,X1,0,,
ISSCC,2026,S2025-26,30.2,X1,0,,
ISSCC,2026,S2025-26,30.3,X1,0,,
ISSCC,2026,S2025-26,30.4,X1,0,,
ISSCC,2026,S2025-26,30.5,X1,0,,
ISSCC,2026,S2025-26,30.6,X1,0,,
ISSCC,2026,S2025-26,30.7,X1,0,,
ISSCC,2026,S2025-26,30.8,X1,0,,
ISSCC,2026,S2025-26,30.9,X1,0,,
ISSCC,2026,S2025-26,31.1,C1,0,,
ISSCC,2026,S2025-26,31.2,C1,1,KAIST,university
ISSCC,2026,S2025-26,31.3,C1,0,,
ISSCC,2026,S2025-26,31.4,C1,0,,
ISSCC,2026,S2025-26,31.5,C1,1,KAIST,university
ISSCC,2026,S2025-26,31.6,C1,1,KAIST,university
ISSCC,2026,S2025-26,31.7,C1,1,POSTECH;UNIST,university
ISSCC,2026,S2025-26,31.8,C1,0,,
ISSCC,2026,S2025-26,31.9,C1,0,,
ISSCC,2026,S2025-26,32.1,C2,0,,
ISSCC,2026,S2025-26,32.2,C2,0,,
ISSCC,2026,S2025-26,32.3,C2,0,,
ISSCC,2026,S2025-26,32.4,C2,1,Seoul Nat'l Univ,university
ISSCC,2026,S2025-26,33.1,C3,0,,
ISSCC,2026,S2025-26,33.2,C3,0,,
ISSCC,2026,S2025-26,33.3,C3,0,,
ISSCC,2026,S2025-26,33.4,C3,0,,
ISSCC,2026,S2025-26,33.5,C3,0,,
ISSCC,2026,S2025-26,33.6,C3,0,,
ISSCC,2026,S2025-26,6.5,C3,0,,
ISSCC,2026,S2025-26,34.1,C3,0,,
ISSCC,2026,S2025-26,34.2,C3,1,Samsung,company
ISSCC,2026,S2025-26,34.3,C3,0,,
ISSCC,2026,S2025-26,34.4,C3,0,,
ISSCC,2026,S2025-26,34.5,C3,1,,
ISSCC,2026,S2025-26,35.1,C3,0,,
ISSCC,2026,S2025-26,35.2,C3,0,,
ISSCC,2026,S2025-26,35.3,C3,0,,
ISSCC,2026,S2025-26,35.4,C3,0,,
ISSCC,2026,S2025-26,35.5,C3,0,,
ISSCC,2026,S2025-26,36.1,C7,0,,
ISSCC,2026,S2025-26,36.2,C7,0,,
ISSCC,2026,S2025-26,36.3,C7,1,Seoul Nat'l Univ,university
ISSCC,2026,S2025-26,36.4,C7,0,,
ISSCC,2026,S2025-26,36.5,C7,1,,
ISSCC,2026,S2025-26,36.6,C7,0,,
ISSCC,2026,S2025-26,36.7,C7,1,Korea Univ,university
ISSCC,2026,S2025-26,36.8,C7,1,Korea Univ,university
ISSCC,2026,S2025-26,36.9,C7,0,,
ISSCC,2026,S2025-26,36.10,C7,1,,
ISSCC,2026,S2025-26,36.11,C7,1,Samsung;SK hynix,company
ISSCC,2026,S2025-26,37.1,D2,0,,
ISSCC,2026,S2025-26,37.2,D2,0,,
ISSCC,2026,S2025-26,37.3,D2,1,Samsung,company
ISSCC,2026,S2025-26,37.4,D2,0,,
ISSCC,2026,S2025-26,37.5,D2,0,,
ISSCC,2026,S2025-26,37.6,D2,1,,
ISSCC,2026,S2025-26,37.7,D2,1,Samsung;POSTECH,company;university
ISSCC,2026,S2025-26,37.8,D2,1,Samsung;POSTECH,company;university
ISSCC,2026,S2025-26,37.9,D2,1,Yonsei Univ,university
VLSI,2023,S2023-24,C1-5,C7,0,,
VLSI,2023,S2023-24,C19-5,C2,0,,
VLSI,2023,S2023-24,C20-3,C4,0,,
VLSI,2023,S2023-24,C20-5,C4,0,,
VLSI,2023,S2023-24,C22-1,D7,0,,
VLSI,2023,S2023-24,JFS3-1,C1,0,,
VLSI,2023,S2023-24,JFS4-4,D3,0,,
VLSI,2023,S2023-24,JFS5-3,D2,0,,
VLSI,2023,S2023-24,T2-1,D4,0,,
VLSI,2023,S2023-24,T4-2,D1,0,,
VLSI,2023,S2023-24,T8-4,D1,0,,
VLSI,2023,S2023-24,T9-4,D2,0,,
VLSI,2023,S2023-24,T13-1,X2,0,,
VLSI,2023,S2023-24,T15-1,X1,0,,
VLSI,2023,S2023-24,PL1-1,D3,0,,
VLSI,2023,S2023-24,PL1-2,D6,1,KAIST,university
VLSI,2023,S2023-24,C1-1,C7,0,,
VLSI,2023,S2023-24,C1-2,C7,0,,
VLSI,2023,S2023-24,C1-3,C7,1,Yonsei Univ,university
VLSI,2023,S2023-24,C1-4,C7,1,KAIST,university
VLSI,2023,S2023-24,C1-5,C7,0,,
VLSI,2023,S2023-24,C2-1,D2,0,,
VLSI,2023,S2023-24,C2-2,D2,1,Samsung,company
VLSI,2023,S2023-24,C2-3,D2,1,Samsung,company
VLSI,2023,S2023-24,C2-4,D2,0,,
VLSI,2023,S2023-24,C2-5,D2,0,,
VLSI,2023,S2023-24,T1-1,SP,0,,
VLSI,2023,S2023-24,T1-2,SP,1,Samsung,company
VLSI,2023,S2023-24,T1-3,SP,0,,
VLSI,2023,S2023-24,T1-4,SP,0,,
VLSI,2023,S2023-24,T1-5,SP,0,,
VLSI,2023,S2023-24,C3-1,C1,1,Yonsei Univ,university
VLSI,2023,S2023-24,C3-2,C1,0,,
VLSI,2023,S2023-24,C3-3,C1,0,,
VLSI,2023,S2023-24,C3-4,C1,0,,
VLSI,2023,S2023-24,C4-1,C2,0,,
VLSI,2023,S2023-24,C4-2,C2,0,,
VLSI,2023,S2023-24,C4-3,C2,0,,
VLSI,2023,S2023-24,C4-4,C2,0,,
VLSI,2023,S2023-24,C5-1,C3,0,,
VLSI,2023,S2023-24,C5-2,C3,0,,
VLSI,2023,S2023-24,C5-3,C3,1,Samsung;POSTECH,company;university
VLSI,2023,S2023-24,C5-4,C3,0,,
VLSI,2023,S2023-24,T2-1,D4,0,,
VLSI,2023,S2023-24,T2-2,D4,0,,
VLSI,2023,S2023-24,T2-3,D4,0,,
VLSI,2023,S2023-24,T2-4,D4,1,SK hynix,company
VLSI,2023,S2023-24,T3-1,D2,1,Samsung,company
VLSI,2023,S2023-24,T3-2,D2,0,,
VLSI,2023,S2023-24,T3-3,D2,0,,
VLSI,2023,S2023-24,T3-4,D2,1,Samsung,company
VLSI,2023,S2023-24,T4-1,D1,1,Samsung,company
VLSI,2023,S2023-24,T4-2,D1,0,,
VLSI,2023,S2023-24,T4-3,D1,0,,
VLSI,2023,S2023-24,T4-4,D1,0,,
VLSI,2023,S2023-24,C6-1,C4,0,,
VLSI,2023,S2023-24,C6-2,C4,0,,
VLSI,2023,S2023-24,C6-3,C4,0,,
VLSI,2023,S2023-24,C6-4,C4,0,,
VLSI,2023,S2023-24,C6-5,C4,1,GIST,university
VLSI,2023,S2023-24,C7-1,C1,0,,
VLSI,2023,S2023-24,C7-2,C1,0,,
VLSI,2023,S2023-24,C7-3,C1,0,,
VLSI,2023,S2023-24,C7-4,C1,1,POSTECH,university
VLSI,2023,S2023-24,C7-5,C1,0,,
VLSI,2023,S2023-24,C8-1,C7,0,,
VLSI,2023,S2023-24,C8-2,C7,0,,
VLSI,2023,S2023-24,C8-3,C7,1,Samsung;POSTECH,company;university
VLSI,2023,S2023-24,C8-4,C7,0,,
VLSI,2023,S2023-24,C8-5,C7,0,,
VLSI,2023,S2023-24,JFS1-1,C1,0,,
VLSI,2023,S2023-24,JFS1-2,C1,0,,
VLSI,2023,S2023-24,JFS1-3,C1,0,,
VLSI,2023,S2023-24,JFS1-4,C1,1,POSTECH,university
VLSI,2023,S2023-24,JFS1-5,C1,0,,
VLSI,2023,S2023-24,T5-1,D9,1,KAIST;KIST,institute;university
VLSI,2023,S2023-24,T5-2,D9,0,,
VLSI,2023,S2023-24,T5-3,D9,0,,
VLSI,2023,S2023-24,T5-4,D9,0,,
VLSI,2023,S2023-24,T5-5,D9,1,Samsung,company
VLSI,2023,S2023-24,T6-1,D1,0,,
VLSI,2023,S2023-24,T6-2,D1,0,,
VLSI,2023,S2023-24,T6-3,D1,0,,
VLSI,2023,S2023-24,T6-4,D1,0,,
VLSI,2023,S2023-24,T6-5,D1,1,Samsung;SK hynix;POSTECH,company;university
VLSI,2023,S2023-24,PL2-1,X2,0,,
VLSI,2023,S2023-24,PL2-2,D1,0,,
VLSI,2023,S2023-24,C9-1,D2,0,,
VLSI,2023,S2023-24,C9-2,D2,0,,
VLSI,2023,S2023-24,C9-3,D2,1,Samsung,company
VLSI,2023,S2023-24,C9-4,D2,0,,
VLSI,2023,S2023-24,C9-5,D2,1,Samsung,company
VLSI,2023,S2023-24,C10-1,D2,0,,
VLSI,2023,S2023-24,C10-2,D2,0,,
VLSI,2023,S2023-24,C10-3,D2,1,KAIST,university
VLSI,2023,S2023-24,C10-4,D2,0,,
VLSI,2023,S2023-24,C10-5,D2,1,KAIST,university
VLSI,2023,S2023-24,T7-1,SP,0,,
VLSI,2023,S2023-24,T7-2,SP,1,SK hynix,company
VLSI,2023,S2023-24,T7-3,SP,0,,
VLSI,2023,S2023-24,T7-4,SP,0,,
VLSI,2023,S2023-24,T7-5,SP,1,KAIST;Kyungpook Nat'l,university
VLSI,2023,S2023-24,C11-1,C5,0,,
VLSI,2023,S2023-24,C11-2,C5,1,Sogang Univ,university
VLSI,2023,S2023-24,C11-3,C5,1,Kyungpook Nat'l,university
VLSI,2023,S2023-24,C11-4,C5,0,,
VLSI,2023,S2023-24,C12-1,C1,0,,
VLSI,2023,S2023-24,C12-2,C1,0,,
VLSI,2023,S2023-24,C12-3,C1,0,,
VLSI,2023,S2023-24,C12-4,C1,1,Samsung;Yonsei Univ,company;university
VLSI,2023,S2023-24,C13-1,C3,0,,
VLSI,2023,S2023-24,C13-2,C3,0,,
VLSI,2023,S2023-24,C13-3,C3,0,,
VLSI,2023,S2023-24,C13-4,C3,0,,
VLSI,2023,S2023-24,JFS2-1,C1,0,,
VLSI,2023,S2023-24,JFS2-2,C1,0,,
VLSI,2023,S2023-24,JFS2-3,C1,0,,
VLSI,2023,S2023-24,TFS1-1,D2,1,Samsung,company
VLSI,2023,S2023-24,TFS1-2,D2,0,,
VLSI,2023,S2023-24,TFS1-3,D2,0,,
VLSI,2023,S2023-24,TFS1-4,D2,0,,
VLSI,2023,S2023-24,T8-1,D1,0,,
VLSI,2023,S2023-24,T8-2,D1,0,,
VLSI,2023,S2023-24,T8-3,D1,1,Yonsei Univ;Kyungpook Nat'l,university
VLSI,2023,S2023-24,T8-4,D1,0,,
VLSI,2023,S2023-24,C14-1,C2,0,,
VLSI,2023,S2023-24,C14-2,C2,0,,
VLSI,2023,S2023-24,C14-3,C2,0,,
VLSI,2023,S2023-24,C14-4,C2,0,,
VLSI,2023,S2023-24,C15-1,D7,1,Samsung,company
VLSI,2023,S2023-24,C15-2,D7,0,,
VLSI,2023,S2023-24,C15-3,D7,0,,
VLSI,2023,S2023-24,C15-4,D7,0,,
VLSI,2023,S2023-24,C16-1,C1,1,POSTECH,university
VLSI,2023,S2023-24,C16-2,C1,0,,
VLSI,2023,S2023-24,C16-3,C1,0,,
VLSI,2023,S2023-24,C16-4,C1,0,,
VLSI,2023,S2023-24,C16-5,C1,0,,
VLSI,2023,S2023-24,T9-1,D2,1,SK hynix,company
VLSI,2023,S2023-24,T9-2,D2,1,SK hynix;POSTECH,company;university
VLSI,2023,S2023-24,T9-3,D2,0,,
VLSI,2023,S2023-24,T9-4,D2,0,,
VLSI,2023,S2023-24,T10-1,D2,0,,
VLSI,2023,S2023-24,T10-2,D2,0,,
VLSI,2023,S2023-24,T10-3,D2,1,KAIST,university
VLSI,2023,S2023-24,T10-4,D2,0,,
VLSI,2023,S2023-24,T11-1,D1,0,,
VLSI,2023,S2023-24,T11-2,D1,0,,
VLSI,2023,S2023-24,T11-3,D1,0,,
VLSI,2023,S2023-24,T11-4,D1,1,Sogang Univ,university
VLSI,2023,S2023-24,C17-1,C5,0,,
VLSI,2023,S2023-24,C17-2,C5,1,Samsung;Pusan Nat'l,company;university
VLSI,2023,S2023-24,C17-3,C5,1,SK hynix,company
VLSI,2023,S2023-24,C17-4,C5,0,,
VLSI,2023,S2023-24,C18-1,C2,0,,
VLSI,2023,S2023-24,C18-2,C2,0,,
VLSI,2023,S2023-24,C18-3,C2,1,KAIST,university
VLSI,2023,S2023-24,C18-4,C2,1,Samsung;KAIST,company;university
VLSI,2023,S2023-24,JFS3-1,C1,0,,
VLSI,2023,S2023-24,JFS3-2,C1,0,,
VLSI,2023,S2023-24,JFS3-3,C1,1,SK hynix;Yonsei Univ;KIST,company;institute;university
VLSI,2023,S2023-24,T12-1,D9,0,,
VLSI,2023,S2023-24,T12-2,D9,0,,
VLSI,2023,S2023-24,T12-3,D9,0,,
VLSI,2023,S2023-24,T12-4,D9,0,,
VLSI,2023,S2023-24,T13-1,X2,0,,
VLSI,2023,S2023-24,T13-2,X2,0,,
VLSI,2023,S2023-24,T13-3,X2,0,,
VLSI,2023,S2023-24,T13-4,X2,0,,
VLSI,2023,S2023-24,C19-1,C2,0,,
VLSI,2023,S2023-24,C19-2,C2,0,,
VLSI,2023,S2023-24,C19-3,C2,1,Sogang Univ,university
VLSI,2023,S2023-24,C19-4,C2,0,,
VLSI,2023,S2023-24,C19-5,C2,0,,
VLSI,2023,S2023-24,C20-1,C4,1,KAIST,university
VLSI,2023,S2023-24,C20-2,C4,1,Samsung,company
VLSI,2023,S2023-24,C20-3,C4,0,,
VLSI,2023,S2023-24,C20-4,C4,0,,
VLSI,2023,S2023-24,C20-5,C4,1,POSTECH,university
VLSI,2023,S2023-24,C21-1,X1,0,,
VLSI,2023,S2023-24,C21-2,X1,1,KAIST,university
VLSI,2023,S2023-24,C21-3,X1,0,,
VLSI,2023,S2023-24,C21-4,X1,1,KAIST,university
VLSI,2023,S2023-24,C21-5,X1,1,KAIST,university
VLSI,2023,S2023-24,JFS4-1,C1,0,,
VLSI,2023,S2023-24,JFS4-2,D1,0,,
VLSI,2023,S2023-24,JFS4-3,SP,0,,
VLSI,2023,S2023-24,JFS4-4,D3,0,,
VLSI,2023,S2023-24,JFS4-5,D2,1,POSTECH,university
VLSI,2023,S2023-24,T14-1,D1,0,,
VLSI,2023,S2023-24,T14-2,D1,0,,
VLSI,2023,S2023-24,T14-3,D1,0,,
VLSI,2023,S2023-24,T14-4,D1,0,,
VLSI,2023,S2023-24,T14-5,D1,0,,
VLSI,2023,S2023-24,C22-1,D7,0,,
VLSI,2023,S2023-24,C22-2,D7,0,,
VLSI,2023,S2023-24,C22-3,D7,0,,
VLSI,2023,S2023-24,C22-4,D7,0,,
VLSI,2023,S2023-24,C23-1,C4,1,Samsung;Yonsei Univ,company;university
VLSI,2023,S2023-24,C23-2,C4,0,,
VLSI,2023,S2023-24,C23-3,C4,1,Samsung,company
VLSI,2023,S2023-24,C23-4,C4,0,,
VLSI,2023,S2023-24,JFS5-1,??,0,,
VLSI,2023,S2023-24,JFS5-2,X1,0,,
VLSI,2023,S2023-24,JFS5-3,D2,0,,
VLSI,2023,S2023-24,T15-1,X1,0,,
VLSI,2023,S2023-24,T15-2,X1,0,,
VLSI,2023,S2023-24,T15-3,X1,0,,
VLSI,2023,S2023-24,T15-4,X1,0,,
VLSI,2023,S2023-24,T16-1,D1,0,,
VLSI,2023,S2023-24,T16-2,D1,0,,
VLSI,2023,S2023-24,T16-3,D1,1,Samsung,company
VLSI,2023,S2023-24,T16-4,D1,0,,
VLSI,2023,S2023-24,C24-1,D8,0,,
VLSI,2023,S2023-24,C24-2,D8,1,Yonsei Univ,university
VLSI,2023,S2023-24,C24-3,D8,0,,
VLSI,2023,S2023-24,C24-4,D8,0,,
VLSI,2023,S2023-24,C24-5,D8,0,,
VLSI,2023,S2023-24,C25-1,C6,0,,
VLSI,2023,S2023-24,C25-2,C6,0,,
VLSI,2023,S2023-24,C25-3,C6,0,,
VLSI,2023,S2023-24,C25-4,C6,0,,
VLSI,2023,S2023-24,C25-5,C6,0,,
VLSI,2023,S2023-24,C26-1,C3,0,,
VLSI,2023,S2023-24,C26-2,C3,1,Samsung,company
VLSI,2023,S2023-24,C26-3,C3,0,,
VLSI,2023,S2023-24,C26-4,C3,0,,
VLSI,2023,S2023-24,C26-5,C3,1,KAIST,university
VLSI,2023,S2023-24,T17-1,D1,0,,
VLSI,2023,S2023-24,T17-2,D1,0,,
VLSI,2023,S2023-24,T17-3,D1,0,,
VLSI,2023,S2023-24,T17-4,D1,1,SK hynix,company
VLSI,2023,S2023-24,T17-5,D1,0,,
VLSI,2023,S2023-24,T18-1,D2,1,Samsung,company
VLSI,2023,S2023-24,T18-2,D2,0,,
VLSI,2023,S2023-24,T18-3,D2,1,KAIST,university
VLSI,2023,S2023-24,T18-4,D2,1,Samsung,company
VLSI,2023,S2023-24,T18-5,D2,0,,
VLSI,2023,S2023-24,TFS2-1,D3,0,,
VLSI,2023,S2023-24,TFS2-2,D3,0,,
VLSI,2023,S2023-24,TFS2-3,D3,0,,
VLSI,2023,S2023-24,TFS2-4,D3,0,,
VLSI,2023,S2023-24,TFS2-5,D3,1,Samsung,company
VLSI,2024,S2024-25,P1.1,??,0,,
VLSI,2024,S2024-25,P1.2,??,0,,
VLSI,2024,S2024-25,T1.1,SP,0,,
VLSI,2024,S2024-25,T1.2,SP,1,Samsung,company
VLSI,2024,S2024-25,T1.3,SP,0,,
VLSI,2024,S2024-25,T1.4,SP,0,,
VLSI,2024,S2024-25,T1.5,SP,1,SK hynix,company
VLSI,2024,S2024-25,C1.1,C4,1,POSTECH,university
VLSI,2024,S2024-25,C1.2,C4,0,,
VLSI,2024,S2024-25,C1.3,C4,0,,
VLSI,2024,S2024-25,C1.4,C4,0,,
VLSI,2024,S2024-25,C1.5,C4,0,,
VLSI,2024,S2024-25,C2.1,D6,0,,
VLSI,2024,S2024-25,C2.2,D6,0,,
VLSI,2024,S2024-25,C2.3,D6,0,,
VLSI,2024,S2024-25,C2.4,D6,0,,
VLSI,2024,S2024-25,C2.5,D6,0,,
VLSI,2024,S2024-25,C3.1,X1,0,,
VLSI,2024,S2024-25,C3.2,X1,0,,
VLSI,2024,S2024-25,C3.3,X1,0,,
VLSI,2024,S2024-25,C3.4,X1,0,,
VLSI,2024,S2024-25,C3.5,X1,1,SK hynix,company
VLSI,2024,S2024-25,T2.1,D2,0,,
VLSI,2024,S2024-25,T2.2,D2,0,,
VLSI,2024,S2024-25,T2.3,D2,1,Samsung;Hanyang Univ,company;university
VLSI,2024,S2024-25,T2.4,D2,0,,
VLSI,2024,S2024-25,JFS1.1,C3,0,,
VLSI,2024,S2024-25,JFS1.2,C3,0,,
VLSI,2024,S2024-25,JFS1.3,C3,1,Samsung,company
VLSI,2024,S2024-25,JFS1.4,C3,0,,
VLSI,2024,S2024-25,JFS2.1,C1,0,,
VLSI,2024,S2024-25,JFS2.2,C1,0,,
VLSI,2024,S2024-25,JFS2.3,C1,0,,
VLSI,2024,S2024-25,JFS2.4,C1,0,,
VLSI,2024,S2024-25,C4.1,C7,1,Yonsei Univ,university
VLSI,2024,S2024-25,C4.2,C7,0,,
VLSI,2024,S2024-25,C4.3,C7,0,,
VLSI,2024,S2024-25,C4.4,C7,0,,
VLSI,2024,S2024-25,C5.1,C2,0,,
VLSI,2024,S2024-25,C5.2,C2,0,,
VLSI,2024,S2024-25,C5.3,C2,1,Samsung,company
VLSI,2024,S2024-25,C5.4,C2,0,,
VLSI,2024,S2024-25,C6.1,D7,0,,
VLSI,2024,S2024-25,C6.2,D7,0,,
VLSI,2024,S2024-25,C6.3,D7,1,Sungkyunkwan(SKKU),university
VLSI,2024,S2024-25,C6.4,D7,1,Yonsei Univ;Sogang Univ,university
VLSI,2024,S2024-25,JFS3.1,C5,0,,
VLSI,2024,S2024-25,JFS3.2,C5,0,,
VLSI,2024,S2024-25,JFS3.3,C5,0,,
VLSI,2024,S2024-25,JFS3.4,C5,0,,
VLSI,2024,S2024-25,JFS3.5,C5,0,,
VLSI,2024,S2024-25,T3.1,D1,0,,
VLSI,2024,S2024-25,T3.2,D1,0,,
VLSI,2024,S2024-25,T3.3,D1,0,,
VLSI,2024,S2024-25,T3.4,D1,1,Yonsei Univ,university
VLSI,2024,S2024-25,T3.5,D1,0,,
VLSI,2024,S2024-25,T4.1,D2,1,Samsung,company
VLSI,2024,S2024-25,T4.2,D2,0,,
VLSI,2024,S2024-25,T4.3,D2,1,UNIST,university
VLSI,2024,S2024-25,T4.4,D2,1,Samsung,company
VLSI,2024,S2024-25,T4.5,D2,1,Samsung,company
VLSI,2024,S2024-25,C7.1,C1,0,,
VLSI,2024,S2024-25,C7.2,C1,0,,
VLSI,2024,S2024-25,C7.3,C1,0,,
VLSI,2024,S2024-25,C7.4,C1,0,,
VLSI,2024,S2024-25,C8.1,C2,1,Samsung,company
VLSI,2024,S2024-25,C8.2,C2,0,,
VLSI,2024,S2024-25,C8.3,C2,0,,
VLSI,2024,S2024-25,C8.4,C2,1,Samsung,company
VLSI,2024,S2024-25,C8.5,C2,0,,
VLSI,2024,S2024-25,C9.1,C3,0,,
VLSI,2024,S2024-25,C9.2,C3,0,,
VLSI,2024,S2024-25,C9.3,C3,1,Samsung,company
VLSI,2024,S2024-25,C9.4,C3,0,,
VLSI,2024,S2024-25,C9.5,C3,1,SK hynix;KAIST,company;university
VLSI,2024,S2024-25,P2.1,??,0,,
VLSI,2024,S2024-25,T5.1,D1,1,Samsung,company
VLSI,2024,S2024-25,T5.2,D1,0,,
VLSI,2024,S2024-25,T5.3,D1,1,Samsung,company
VLSI,2024,S2024-25,T5.4,D1,0,,
VLSI,2024,S2024-25,C10.1,C1,0,,
VLSI,2024,S2024-25,C10.2,C1,0,,
VLSI,2024,S2024-25,C10.3,C1,0,,
VLSI,2024,S2024-25,C10.4,C1,0,,
VLSI,2024,S2024-25,C11.1,C2,0,,
VLSI,2024,S2024-25,C11.2,C2,1,POSTECH,university
VLSI,2024,S2024-25,C11.3,C2,0,,
VLSI,2024,S2024-25,C11.4,C2,0,,
VLSI,2024,S2024-25,C12.1,D8,0,,
VLSI,2024,S2024-25,C12.2,D8,0,,
VLSI,2024,S2024-25,C12.3,D8,0,,
VLSI,2024,S2024-25,C12.4,D8,0,,
VLSI,2024,S2024-25,TFS1.1,D3,0,,
VLSI,2024,S2024-25,TFS1.2,D3,0,,
VLSI,2024,S2024-25,TFS1.3,D3,0,,
VLSI,2024,S2024-25,TFS1.4,D3,0,,
VLSI,2024,S2024-25,TFS1.5,D3,1,Samsung,company
VLSI,2024,S2024-25,T6.1,D2,0,,
VLSI,2024,S2024-25,T6.2,D2,1,Samsung,company
VLSI,2024,S2024-25,T6.3,D2,1,Samsung,company
VLSI,2024,S2024-25,T6.4,D2,0,,
VLSI,2024,S2024-25,T6.5,D2,1,Samsung,company
VLSI,2024,S2024-25,TFS2.1,C5,1,Samsung,company
VLSI,2024,S2024-25,TFS2.2,C5,0,,
VLSI,2024,S2024-25,TFS2.3,C5,1,Samsung,company
VLSI,2024,S2024-25,TFS2.4,C5,1,Samsung,company
VLSI,2024,S2024-25,TFS2.5,C5,0,,
VLSI,2024,S2024-25,C13.1,C6,0,,
VLSI,2024,S2024-25,C13.2,C6,0,,
VLSI,2024,S2024-25,C13.3,C6,0,,
VLSI,2024,S2024-25,C13.4,C6,0,,
VLSI,2024,S2024-25,C13.5,C6,0,,
VLSI,2024,S2024-25,C14.1,C4,0,,
VLSI,2024,S2024-25,C14.2,C4,0,,
VLSI,2024,S2024-25,C14.3,C4,0,,
VLSI,2024,S2024-25,C14.4,C4,0,,
VLSI,2024,S2024-25,C14.5,C4,0,,
VLSI,2024,S2024-25,C15.1,C7,0,,
VLSI,2024,S2024-25,C15.2,C7,0,,
VLSI,2024,S2024-25,C15.3,C7,1,POSTECH,university
VLSI,2024,S2024-25,C15.4,C7,1,Samsung,company
VLSI,2024,S2024-25,C15.5,C7,0,,
VLSI,2024,S2024-25,T7.1,D4,1,Samsung,company
VLSI,2024,S2024-25,T7.2,D4,1,Samsung,company
VLSI,2024,S2024-25,T7.3,D4,0,,
VLSI,2024,S2024-25,T7.4,D4,0,,
VLSI,2024,S2024-25,T7.5,D4,1,POSTECH,university
VLSI,2024,S2024-25,T8.1,D2,1,Samsung;POSTECH,company;university
VLSI,2024,S2024-25,T8.2,D2,0,,
VLSI,2024,S2024-25,T8.3,D2,0,,
VLSI,2024,S2024-25,T8.4,D2,0,,
VLSI,2024,S2024-25,T8.5,D2,0,,
VLSI,2024,S2024-25,T9.1,D3,0,,
VLSI,2024,S2024-25,T9.2,D3,0,,
VLSI,2024,S2024-25,T9.3,D3,0,,
VLSI,2024,S2024-25,T9.4,D3,0,,
VLSI,2024,S2024-25,T9.5,D3,0,,
VLSI,2024,S2024-25,C16.1,D2,1,Samsung,company
VLSI,2024,S2024-25,C16.2,D2,0,,
VLSI,2024,S2024-25,C16.3,D2,0,,
VLSI,2024,S2024-25,C16.4,D2,0,,
VLSI,2024,S2024-25,C16.5,D2,1,Samsung,company
VLSI,2024,S2024-25,C17.1,C5,0,,
VLSI,2024,S2024-25,C17.2,C5,1,Sungkyunkwan(SKKU),university
VLSI,2024,S2024-25,C17.3,C5,0,,
VLSI,2024,S2024-25,C17.4,C5,0,,
VLSI,2024,S2024-25,C17.5,C5,0,,
VLSI,2024,S2024-25,C18.1,C2,0,,
VLSI,2024,S2024-25,C18.2,C2,0,,
VLSI,2024,S2024-25,C18.3,C2,0,,
VLSI,2024,S2024-25,C18.4,C2,0,,
VLSI,2024,S2024-25,C18.5,C2,0,,
VLSI,2024,S2024-25,JFS4.1,C7,0,,
VLSI,2024,S2024-25,JFS4.2,C7,0,,
VLSI,2024,S2024-25,JFS4.3,C7,0,,
VLSI,2024,S2024-25,JFS4.4,C7,0,,
VLSI,2024,S2024-25,JFS5.1,D7,1,SK hynix,company
VLSI,2024,S2024-25,JFS5.2,D7,1,Samsung,company
VLSI,2024,S2024-25,JFS5.3,D7,0,,
VLSI,2024,S2024-25,JFS5.4,D7,1,Samsung;POSTECH;Yonsei Univ,company;university
VLSI,2024,S2024-25,T10.1,D2,0,,
VLSI,2024,S2024-25,T10.2,D2,1,Samsung,company
VLSI,2024,S2024-25,T10.3,D2,0,,
VLSI,2024,S2024-25,T10.4,D2,1,Samsung,company
VLSI,2024,S2024-25,C19.1,??,0,,
VLSI,2024,S2024-25,C19.2,??,0,,
VLSI,2024,S2024-25,C19.3,D3,0,,
VLSI,2024,S2024-25,C19.4,C1,0,,
VLSI,2024,S2024-25,C20.1,C1,1,Samsung,company
VLSI,2024,S2024-25,C20.2,C1,0,,
VLSI,2024,S2024-25,C20.3,C1,0,,
VLSI,2024,S2024-25,C20.4,C1,1,Kyung Hee,university
VLSI,2024,S2024-25,C21.1,C5,1,Samsung,company
VLSI,2024,S2024-25,C21.2,C5,0,,
VLSI,2024,S2024-25,C21.3,C5,0,,
VLSI,2024,S2024-25,C21.4,C5,0,,
VLSI,2024,S2024-25,T11.1,D1,0,,
VLSI,2024,S2024-25,T11.2,D1,0,,
VLSI,2024,S2024-25,T11.3,D1,0,,
VLSI,2024,S2024-25,T11.4,D1,0,,
VLSI,2024,S2024-25,T11.5,D1,0,,
VLSI,2024,S2024-25,T12.1,D2,1,Samsung,company
VLSI,2024,S2024-25,T12.2,D2,0,,
VLSI,2024,S2024-25,T12.3,D2,0,,
VLSI,2024,S2024-25,T12.4,D2,0,,
VLSI,2024,S2024-25,T12.5,D2,1,Samsung,company
VLSI,2024,S2024-25,JFS6.1,C1,0,,
VLSI,2024,S2024-25,JFS6.2,C1,1,SK hynix,company
VLSI,2024,S2024-25,JFS6.3,C1,0,,
VLSI,2024,S2024-25,JFS6.4,C1,0,,
VLSI,2024,S2024-25,JFS6.5,C1,0,,
VLSI,2024,S2024-25,C22.1,C4,0,,
VLSI,2024,S2024-25,C22.2,C4,0,,
VLSI,2024,S2024-25,C22.3,C4,1,Samsung,company
VLSI,2024,S2024-25,C22.4,C4,0,,
VLSI,2024,S2024-25,C23.1,C7,0,,
VLSI,2024,S2024-25,C23.2,C7,0,,
VLSI,2024,S2024-25,C23.3,C7,0,,
VLSI,2024,S2024-25,C23.4,C7,0,,
VLSI,2024,S2024-25,C23.5,C7,0,,
VLSI,2024,S2024-25,C24.1,C2,1,Samsung,company
VLSI,2024,S2024-25,C24.2,C2,0,,
VLSI,2024,S2024-25,C24.3,C2,0,,
VLSI,2024,S2024-25,C24.4,C2,1,Samsung,company
VLSI,2024,S2024-25,C24.5,C2,0,,
VLSI,2024,S2024-25,T13.1,C3,0,,
VLSI,2024,S2024-25,T13.2,C3,0,,
VLSI,2024,S2024-25,T13.3,C3,0,,
VLSI,2024,S2024-25,T13.4,C3,0,,
VLSI,2024,S2024-25,T14.1,X2,0,,
VLSI,2024,S2024-25,T14.2,X2,1,Kyungpook Nat'l,university
VLSI,2024,S2024-25,T14.3,X2,0,,
VLSI,2024,S2024-25,T14.4,X2,0,,
VLSI,2024,S2024-25,C25.1,C1,1,Seoul Nat'l Univ,university
VLSI,2024,S2024-25,C25.2,C1,1,Samsung,company
VLSI,2024,S2024-25,C25.3,C1,0,,
VLSI,2024,S2024-25,C25.4,C1,0,,
VLSI,2024,S2024-25,C26.1,C2,0,,
VLSI,2024,S2024-25,C26.2,C2,0,,
VLSI,2024,S2024-25,C26.3,C2,0,,
VLSI,2024,S2024-25,C26.4,C2,1,KAIST,university
VLSI,2024,S2024-25,C27.1,D7,0,,
VLSI,2024,S2024-25,C27.2,D7,1,Sungkyunkwan(SKKU),university
VLSI,2024,S2024-25,C27.3,D7,0,,
VLSI,2024,S2024-25,C27.4,D7,0,,
VLSI,2024,S2024-25,T15.1,D2,1,Samsung;Hanyang Univ,company;university
VLSI,2024,S2024-25,T15.2,D2,0,,
VLSI,2024,S2024-25,T15.3,D2,1,SK hynix;Inha Univ;Kookmin,company;university
VLSI,2024,S2024-25,T15.4,D2,0,,
VLSI,2024,S2024-25,T15.5,D2,0,,
VLSI,2024,S2024-25,T16.1,D4,0,,
VLSI,2024,S2024-25,T16.2,D4,0,,
VLSI,2024,S2024-25,T16.3,D4,0,,
VLSI,2024,S2024-25,T16.4,D4,0,,
VLSI,2024,S2024-25,T16.5,D4,1,Samsung,company
VLSI,2024,S2024-25,T17.1,D2,1,SK hynix,company
VLSI,2024,S2024-25,T17.2,D2,0,,
VLSI,2024,S2024-25,T17.3,D2,1,SK hynix,company
VLSI,2024,S2024-25,T17.4,D2,1,Samsung,company
VLSI,2024,S2024-25,T17.5,D2,1,Samsung,company
VLSI,2024,S2024-25,C28.1,C1,0,,
VLSI,2024,S2024-25,C28.2,C1,0,,
VLSI,2024,S2024-25,C28.3,C1,0,,
VLSI,2024,S2024-25,C28.4,C1,0,,
VLSI,2024,S2024-25,C29.1,C2,0,,
VLSI,2024,S2024-25,C29.2,C2,0,,
VLSI,2024,S2024-25,C29.3,C2,0,,
VLSI,2024,S2024-25,C29.4,C2,0,,
VLSI,2025,S2025-26,C9-1,C7,0,,
VLSI,2025,S2025-26,C10-1,C1,0,,
VLSI,2025,S2025-26,C10-5,C1,0,,
VLSI,2025,S2025-26,C11-5,C3,0,,
VLSI,2025,S2025-26,C21-1,C7,0,,
VLSI,2025,S2025-26,C27-1,D7,0,,
VLSI,2025,S2025-26,C27-2,D7,0,,
VLSI,2025,S2025-26,C28-1,C3,0,,
VLSI,2025,S2025-26,T4-1,D2,0,,
VLSI,2025,S2025-26,T7-4,D3,0,,
VLSI,2025,S2025-26,T8-3,D7,1,KAIST;Inha Univ,university
VLSI,2025,S2025-26,T10-3,D1,0,,
VLSI,2025,S2025-26,T11-2,D2,0,,
VLSI,2025,S2025-26,T13-1,D6,0,,
VLSI,2025,S2025-26,T17-2,D5,0,,
VLSI,2025,S2025-26,T21-2,D3,0,,
VLSI,2025,S2025-26,T21-4,D3,0,,
VLSI,2025,S2025-26,T22-4,D1,0,,
VLSI,2025,S2025-26,PL1-1,D2,1,SK hynix,company
VLSI,2025,S2025-26,PL1-2,??,0,,
VLSI,2025,S2025-26,C1-1,X2,0,,
VLSI,2025,S2025-26,C1-2,X2,0,,
VLSI,2025,S2025-26,C1-3,X2,0,,
VLSI,2025,S2025-26,C1-4,X2,1,POSTECH,university
VLSI,2025,S2025-26,C1-5,X2,1,KAIST,university
VLSI,2025,S2025-26,C2-1,C3,0,,
VLSI,2025,S2025-26,C2-2,C3,0,,
VLSI,2025,S2025-26,C2-3,C3,0,,
VLSI,2025,S2025-26,C2-4,C3,1,Samsung;Pusan Nat'l,company;university
VLSI,2025,S2025-26,C2-5,C3,0,,
VLSI,2025,S2025-26,C3-1,C5,0,,
VLSI,2025,S2025-26,C3-2,C5,1,,
VLSI,2025,S2025-26,C3-3,C5,0,,
VLSI,2025,S2025-26,C3-4,C5,1,Sogang Univ;ETRI,institute;university
VLSI,2025,S2025-26,T1-1,SP,0,,
VLSI,2025,S2025-26,T1-2,SP,0,,
VLSI,2025,S2025-26,T1-3,SP,1,Samsung,company
VLSI,2025,S2025-26,T1-4,SP,0,,
VLSI,2025,S2025-26,T1-5,SP,1,Samsung,company
VLSI,2025,S2025-26,C4-1,D2,0,,
VLSI,2025,S2025-26,C4-2,D2,0,,
VLSI,2025,S2025-26,C4-3,D2,0,,
VLSI,2025,S2025-26,C4-4,D2,0,,
VLSI,2025,S2025-26,C5-1,C2,1,Sungkyunkwan(SKKU),university
VLSI,2025,S2025-26,C5-2,C2,0,,
VLSI,2025,S2025-26,C5-3,C2,0,,
VLSI,2025,S2025-26,C5-4,C2,0,,
VLSI,2025,S2025-26,C6-1,D7,1,Samsung,company
VLSI,2025,S2025-26,C6-2,D7,0,,
VLSI,2025,S2025-26,C6-3,D7,0,,
VLSI,2025,S2025-26,C6-4,D7,1,Samsung,company
VLSI,2025,S2025-26,T2-1,D9,0,,
VLSI,2025,S2025-26,T2-2,D9,0,,
VLSI,2025,S2025-26,T2-3,D9,0,,
VLSI,2025,S2025-26,T2-4,D9,0,,
VLSI,2025,S2025-26,JFS1-1,D3,0,,
VLSI,2025,S2025-26,JFS1-2,D3,0,,
VLSI,2025,S2025-26,JFS1-3,D3,0,,
VLSI,2025,S2025-26,JFS1-4,D3,0,,
VLSI,2025,S2025-26,T3-1,D5,0,,
VLSI,2025,S2025-26,T3-2,D5,0,,
VLSI,2025,S2025-26,T3-3,D5,0,,
VLSI,2025,S2025-26,T3-4,D5,0,,
VLSI,2025,S2025-26,C7-1,C4,0,,
VLSI,2025,S2025-26,C7-2,C4,0,,
VLSI,2025,S2025-26,C7-3,C4,0,,
VLSI,2025,S2025-26,C7-4,C4,0,,
VLSI,2025,S2025-26,C7-5,C4,1,Samsung;KAIST,company;university
VLSI,2025,S2025-26,C8-1,C2,0,,
VLSI,2025,S2025-26,C8-2,C2,1,GIST,university
VLSI,2025,S2025-26,C8-3,C2,0,,
VLSI,2025,S2025-26,C8-4,C2,1,Seoul Nat'l Univ,university
VLSI,2025,S2025-26,C9-1,C7,0,,
VLSI,2025,S2025-26,C9-2,C7,1,POSTECH,university
VLSI,2025,S2025-26,C9-3,C7,0,,
VLSI,2025,S2025-26,C9-4,C7,1,SK hynix,company
VLSI,2025,S2025-26,T4-1,D2,0,,
VLSI,2025,S2025-26,T4-2,D2,0,,
VLSI,2025,S2025-26,T4-3,D2,0,,
VLSI,2025,S2025-26,T4-4,D2,0,,
VLSI,2025,S2025-26,T4-5,D2,0,,
VLSI,2025,S2025-26,JFS2-1,D1,0,,
VLSI,2025,S2025-26,JFS2-2,D1,0,,
VLSI,2025,S2025-26,JFS2-3,D1,0,,
VLSI,2025,S2025-26,JFS2-4,D1,1,Samsung;UNIST,company;university
VLSI,2025,S2025-26,JFS2-5,D1,1,Samsung,company
VLSI,2025,S2025-26,T5-1,D7,0,,
VLSI,2025,S2025-26,T5-2,D7,1,Samsung,company
VLSI,2025,S2025-26,T5-3,D7,1,Yonsei Univ,university
VLSI,2025,S2025-26,T5-4,D7,1,SK hynix;Yonsei Univ,company;university
VLSI,2025,S2025-26,T5-5,D7,1,Samsung,company
VLSI,2025,S2025-26,PL2-1,??,0,,
VLSI,2025,S2025-26,PL2-2,??,0,,
VLSI,2025,S2025-26,C10-1,C1,0,,
VLSI,2025,S2025-26,C10-2,C1,1,KAIST,university
VLSI,2025,S2025-26,C10-3,C1,0,,
VLSI,2025,S2025-26,C10-4,C1,0,,
VLSI,2025,S2025-26,C10-5,C1,0,,
VLSI,2025,S2025-26,C11-1,C3,0,,
VLSI,2025,S2025-26,C11-2,C3,0,,
VLSI,2025,S2025-26,C11-3,C3,0,,
VLSI,2025,S2025-26,C11-4,C3,0,,
VLSI,2025,S2025-26,C11-5,C3,0,,
VLSI,2025,S2025-26,C12-1,C4,0,,
VLSI,2025,S2025-26,C12-2,C4,0,,
VLSI,2025,S2025-26,C12-3,C4,0,,
VLSI,2025,S2025-26,C12-4,C4,1,Samsung,company
VLSI,2025,S2025-26,C12-5,C4,0,,
VLSI,2025,S2025-26,T6-1,SP,0,,
VLSI,2025,S2025-26,T6-2,SP,0,,
VLSI,2025,S2025-26,T6-3,SP,0,,
VLSI,2025,S2025-26,T6-4,SP,0,,
VLSI,2025,S2025-26,T6-5,SP,0,,
VLSI,2025,S2025-26,C13-1,C1,1,KAIST,university
VLSI,2025,S2025-26,C13-2,C1,0,,
VLSI,2025,S2025-26,C13-3,C1,0,,
VLSI,2025,S2025-26,C13-4,C1,0,,
VLSI,2025,S2025-26,C14-1,C2,0,,
VLSI,2025,S2025-26,C14-2,C2,0,,
VLSI,2025,S2025-26,C14-3,C2,1,Sogang Univ,university
VLSI,2025,S2025-26,C14-4,C2,1,Samsung;KAIST,company;university
VLSI,2025,S2025-26,C15-1,C7,1,Yonsei Univ,university
VLSI,2025,S2025-26,C15-2,C7,0,,
VLSI,2025,S2025-26,C15-3,C7,0,,
VLSI,2025,S2025-26,C15-4,C7,1,KAIST,university
VLSI,2025,S2025-26,C16-1,C6,0,,
VLSI,2025,S2025-26,C16-2,C6,1,Samsung;POSTECH,company;university
VLSI,2025,S2025-26,C16-3,C6,0,,
VLSI,2025,S2025-26,C16-4,C6,1,POSTECH,university
VLSI,2025,S2025-26,T7-1,C5,0,,
VLSI,2025,S2025-26,T7-2,D3,1,POSTECH,university
VLSI,2025,S2025-26,T7-3,D3,1,KAIST,university
VLSI,2025,S2025-26,T7-4,D3,1,KAIST,university
VLSI,2025,S2025-26,TFS1-1,D2,0,,
VLSI,2025,S2025-26,TFS1-2,D2,1,Samsung,company
VLSI,2025,S2025-26,TFS1-3,D2,0,,
VLSI,2025,S2025-26,TFS1-4,D2,1,SK hynix,company
VLSI,2025,S2025-26,T8-1,D7,0,,
VLSI,2025,S2025-26,T8-2,D7,0,,
VLSI,2025,S2025-26,T8-3,D7,1,KAIST;Inha Univ,university
VLSI,2025,S2025-26,T8-4,D7,0,,
VLSI,2025,S2025-26,C17-1,X1,1,Samsung;KAIST,company;university
VLSI,2025,S2025-26,C17-2,X1,0,,
VLSI,2025,S2025-26,C17-3,X1,0,,
VLSI,2025,S2025-26,C17-4,X1,1,KAIST,university
VLSI,2025,S2025-26,C18-1,C5,1,Sogang Univ,university
VLSI,2025,S2025-26,C18-2,C5,0,,
VLSI,2025,S2025-26,C18-3,C5,0,,
VLSI,2025,S2025-26,C18-4,C5,0,,
VLSI,2025,S2025-26,C18-5,C5,1,Samsung;POSTECH,company;university
VLSI,2025,S2025-26,C19-1,C3,0,,
VLSI,2025,S2025-26,C19-2,C3,0,,
VLSI,2025,S2025-26,C19-3,C3,0,,
VLSI,2025,S2025-26,C19-4,C3,0,,
VLSI,2025,S2025-26,C20-1,D8,0,,
VLSI,2025,S2025-26,C20-2,D8,0,,
VLSI,2025,S2025-26,C20-3,D8,0,,
VLSI,2025,S2025-26,C20-4,D8,0,,
VLSI,2025,S2025-26,C20-5,D8,1,KAIST,university
VLSI,2025,S2025-26,T9-1,D2,0,,
VLSI,2025,S2025-26,T9-2,D2,1,Samsung;POSTECH,company;university
VLSI,2025,S2025-26,T9-3,D2,0,,
VLSI,2025,S2025-26,T9-4,D2,0,,
VLSI,2025,S2025-26,T10-1,D1,0,,
VLSI,2025,S2025-26,T10-2,D1,0,,
VLSI,2025,S2025-26,T10-3,D1,0,,
VLSI,2025,S2025-26,T10-4,D1,0,,
VLSI,2025,S2025-26,T11-1,D2,0,,
VLSI,2025,S2025-26,T11-2,D2,0,,
VLSI,2025,S2025-26,T11-3,D2,0,,
VLSI,2025,S2025-26,T11-4,D2,0,,
VLSI,2025,S2025-26,T11-5,D2,1,Seoul Nat'l Univ,university
VLSI,2025,S2025-26,C21-1,C7,0,,
VLSI,2025,S2025-26,C21-2,C7,0,,
VLSI,2025,S2025-26,C21-3,C7,1,KAIST;Kyung Hee,university
VLSI,2025,S2025-26,C21-4,C7,0,,
VLSI,2025,S2025-26,C22-1,D2,1,Samsung,company
VLSI,2025,S2025-26,C22-2,D2,0,,
VLSI,2025,S2025-26,C22-3,D2,1,Samsung,company
VLSI,2025,S2025-26,C22-4,D2,1,KAIST,university
VLSI,2025,S2025-26,C23-1,C1,0,,
VLSI,2025,S2025-26,C23-2,C1,0,,
VLSI,2025,S2025-26,C23-3,C1,0,,
VLSI,2025,S2025-26,C23-4,C1,0,,
VLSI,2025,S2025-26,T12-1,D9,0,,
VLSI,2025,S2025-26,T12-2,D9,0,,
VLSI,2025,S2025-26,T12-3,D9,0,,
VLSI,2025,S2025-26,T12-4,D9,0,,
VLSI,2025,S2025-26,TFS2-1,D1,0,,
VLSI,2025,S2025-26,TFS2-2,D1,0,,
VLSI,2025,S2025-26,TFS2-3,D1,1,Samsung,company
VLSI,2025,S2025-26,TFS2-4,D1,0,,
VLSI,2025,S2025-26,T13-1,D6,0,,
VLSI,2025,S2025-26,T13-2,D6,0,,
VLSI,2025,S2025-26,T13-3,D6,0,,
VLSI,2025,S2025-26,C24-1,C7,0,,
VLSI,2025,S2025-26,C24-2,C7,1,Yonsei Univ,university
VLSI,2025,S2025-26,C24-3,C7,0,,
VLSI,2025,S2025-26,C24-4,C7,1,Sungkyunkwan(SKKU),university
VLSI,2025,S2025-26,C25-1,C2,0,,
VLSI,2025,S2025-26,C25-2,C2,0,,
VLSI,2025,S2025-26,C25-3,C2,0,,
VLSI,2025,S2025-26,C25-4,C2,1,Sogang Univ,university
VLSI,2025,S2025-26,C26-1,C5,0,,
VLSI,2025,S2025-26,C26-2,C5,0,,
VLSI,2025,S2025-26,C26-3,C5,1,POSTECH,university
VLSI,2025,S2025-26,C26-4,C5,0,,
VLSI,2025,S2025-26,T14-1,D2,0,,
VLSI,2025,S2025-26,T14-2,D2,1,SK hynix,company
VLSI,2025,S2025-26,T14-3,D2,1,Samsung,company
VLSI,2025,S2025-26,T14-4,D2,1,POSTECH;Kyungpook Nat'l,university
VLSI,2025,S2025-26,T14-5,D2,1,Samsung,company
VLSI,2025,S2025-26,JFS3-1,C1,0,,
VLSI,2025,S2025-26,JFS3-2,C1,0,,
VLSI,2025,S2025-26,JFS3-3,C1,0,,
VLSI,2025,S2025-26,JFS3-4,C1,0,,
VLSI,2025,S2025-26,JFS3-5,C1,0,,
VLSI,2025,S2025-26,T15-1,D1,0,,
VLSI,2025,S2025-26,T15-2,D3,0,,
VLSI,2025,S2025-26,T15-3,??,0,,
VLSI,2025,S2025-26,T15-4,D1,0,,
VLSI,2025,S2025-26,T15-5,D3,1,Samsung,company
VLSI,2025,S2025-26,C27-1,D7,0,,
VLSI,2025,S2025-26,C27-2,D7,0,,
VLSI,2025,S2025-26,C27-3,D7,1,Kyung Hee,university
VLSI,2025,S2025-26,C27-4,D7,0,,
VLSI,2025,S2025-26,C28-1,C3,0,,
VLSI,2025,S2025-26,C28-2,C3,0,,
VLSI,2025,S2025-26,C28-3,C3,0,,
VLSI,2025,S2025-26,C28-4,C3,0,,
VLSI,2025,S2025-26,C29-1,C1,0,,
VLSI,2025,S2025-26,C29-2,C1,0,,
VLSI,2025,S2025-26,C29-3,C1,0,,
VLSI,2025,S2025-26,C29-4,C1,0,,
VLSI,2025,S2025-26,C30-1,X2,0,,
VLSI,2025,S2025-26,C30-2,X2,0,,
VLSI,2025,S2025-26,C30-3,X2,0,,
VLSI,2025,S2025-26,C30-4,X2,0,,
VLSI,2025,S2025-26,T16-1,D2,1,Samsung;Hanyang Univ;Sungkyunkwan(SKKU),company;university
VLSI,2025,S2025-26,T16-2,D2,0,,
VLSI,2025,S2025-26,T16-3,D2,0,,
VLSI,2025,S2025-26,T16-4,D2,1,Samsung;KAIST;Hanyang Univ,company;university
VLSI,2025,S2025-26,T17-1,D5,0,,
VLSI,2025,S2025-26,T17-2,D5,0,,
VLSI,2025,S2025-26,T17-3,D5,0,,
VLSI,2025,S2025-26,T17-4,D5,0,,
VLSI,2025,S2025-26,T18-1,D3,0,,
VLSI,2025,S2025-26,T18-2,D3,0,,
VLSI,2025,S2025-26,T18-3,D3,0,,
VLSI,2025,S2025-26,T18-4,D3,1,Samsung,company
VLSI,2025,S2025-26,T19-1,D3,0,,
VLSI,2025,S2025-26,T19-2,D3,0,,
VLSI,2025,S2025-26,T19-3,D3,0,,
VLSI,2025,S2025-26,T19-4,D3,1,,
VLSI,2025,S2025-26,C31-1,D7,0,,
VLSI,2025,S2025-26,C31-2,D7,0,,
VLSI,2025,S2025-26,C31-3,D7,0,,
VLSI,2025,S2025-26,C31-4,D7,1,Samsung,company
VLSI,2025,S2025-26,C32-1,C2,0,,
VLSI,2025,S2025-26,C32-2,C2,1,Yonsei Univ,university
VLSI,2025,S2025-26,C32-3,C2,0,,
VLSI,2025,S2025-26,C32-4,C2,0,,
VLSI,2025,S2025-26,C32-5,C2,1,Sungkyunkwan(SKKU),university
VLSI,2025,S2025-26,C33-1,C3,0,,
VLSI,2025,S2025-26,C33-2,C3,1,KAIST;KERI,institute;university
VLSI,2025,S2025-26,C33-3,C3,1,Hanyang Univ,university
VLSI,2025,S2025-26,C33-4,C3,0,,
VLSI,2025,S2025-26,T20-1,D2,0,,
VLSI,2025,S2025-26,T20-2,D2,1,Samsung,company
VLSI,2025,S2025-26,T20-3,D2,0,,
VLSI,2025,S2025-26,T20-4,D2,0,,
VLSI,2025,S2025-26,T20-5,D2,1,SK hynix;KAIST,company;university
VLSI,2025,S2025-26,T21-1,D3,0,,
VLSI,2025,S2025-26,T21-2,D3,0,,
VLSI,2025,S2025-26,T21-3,D3,0,,
VLSI,2025,S2025-26,T21-4,D3,0,,
VLSI,2025,S2025-26,T22-1,D1,0,,
VLSI,2025,S2025-26,T22-2,D1,0,,
VLSI,2025,S2025-26,T22-3,D1,0,,
VLSI,2025,S2025-26,T22-4,D1,0,,
VLSI,2025,S2025-26,T23-1,C3,0,,
VLSI,2025,S2025-26,T23-2,C3,0,,
VLSI,2025,S2025-26,T23-3,C3,0,,
VLSI,2025,S2025-26,T23-4,C3,1,KAIST;Kyungpook Nat'l,university
VLSI,2025,S2025-26,T23-5,C3,1,KAIST,university
